{"aAcc": 88.17, "mIoU": 53.29, "mAcc": 66.1, "data_time": 0.001981573322051307, "time": 0.3124243030061057}