{"aAcc": 75.17, "mIoU": 37.45, "mAcc": 51.75, "data_time": 0.0022371977567672728, "time": 1.6228030289411546}