{"aAcc": 96.22, "mIoU": 78.29, "mAcc": 85.16, "data_time": 0.004577628612518311, "time": 1.1388599004745483}