{"aAcc": 92.79, "mIoU": 60.59, "mAcc": 68.26, "data_time": 0.005230963706970215, "time": 0.3848115048408508}