{"aAcc": 56.52, "mIoU": 10.58, "mAcc": 15.18, "data_time": 0.001736400008201599, "time": 0.31360351252555846}