{"aAcc": 73.07, "mIoU": 36.05, "mAcc": 49.26, "data_time": 0.013869300723075866, "time": 5.773005639433861}