{"aAcc": 75.51, "mIoU": 36.6, "mAcc": 45.93, "data_time": 0.0016562607288360595, "time": 0.432076895236969}