{"aAcc": 96.02, "mIoU": 78.88, "mAcc": 85.91, "data_time": 0.004767561912536621, "time": 5.429386312484741}