{"aAcc": 95.72, "mIoU": 76.81, "mAcc": 83.6, "data_time": 0.004541216850280761, "time": 0.519193106174469}