{"aAcc": 90.63, "mIoU": 63.47, "mAcc": 77.5, "data_time": 0.003409403286941139, "time": 0.47467398495407576}