{"aAcc": 95.65, "mIoU": 76.62, "mAcc": 84.01, "data_time": 0.00447152042388916, "time": 0.5228706593513489}