{"aAcc": 95.05, "mIoU": 77.35, "mAcc": 85.23, "data_time": 0.0015478682073747148, "time": 0.4289581617706804}