{"aAcc": 93.39, "mIoU": 71.69, "mAcc": 82.42, "data_time": 0.0016144488580149565, "time": 0.4420448560563345}