{"aAcc": 66.81, "mIoU": 23.99, "mAcc": 32.63, "data_time": 0.0015544973611831664, "time": 0.3553141897916794}