{"aAcc": 82.34, "mIoU": 36.89, "mAcc": 47.8, "data_time": 0.005753181457519531, "time": 4.673536626815796}