{"aAcc": 40.52, "mIoU": 14.0, "mAcc": 22.73, "data_time": 0.00972508430480957, "time": 0.85040629196167}