{"aAcc": 77.73, "mIoU": 40.22, "mAcc": 52.23, "data_time": 0.01739820122718811, "time": 3.1797322009801863}