{"aAcc": 91.96, "mIoU": 66.46, "mAcc": 78.18, "data_time": 0.002296038213641665, "time": 0.5013171927200012}