{"aAcc": 13.58, "mIoU": 2.91, "mAcc": 8.63, "data_time": 0.016044772847756752, "time": 4.60748335112367}