{"aAcc": 64.44, "mIoU": 19.91, "mAcc": 27.65, "data_time": 0.001772783875465393, "time": 0.15855613589286804}