{"aAcc": 77.53, "mIoU": 42.96, "mAcc": 53.09, "data_time": 0.0021869807243347166, "time": 0.29957352018356326}