{"aAcc": 95.41, "mIoU": 79.1, "mAcc": 89.13, "data_time": 0.0032291338310478637, "time": 7.100997763226327}