{"aAcc": 94.83, "mIoU": 76.69, "mAcc": 84.81, "data_time": 0.0016650327573240504, "time": 0.4921333636803163}