{"aAcc": 88.76, "mIoU": 52.6, "mAcc": 63.45, "data_time": 0.09960545969009399, "time": 7.184885920524597}