{"aAcc": 84.19, "mIoU": 61.02, "mAcc": 72.75, "data_time": 0.005796467781066895, "time": 0.3982442193031311}