{"aAcc": 82.99, "mIoU": 34.56, "mAcc": 46.52, "data_time": 0.0019150783967938894, "time": 0.2514294273200078}