{"aAcc": 84.89, "mIoU": 41.5, "mAcc": 53.33, "data_time": 0.005207916736602783, "time": 6.000941466331482}