{"aAcc": 4.37, "mIoU": 0.98, "mAcc": 2.71, "data_time": 0.0029333685636520387, "time": 1.2091272518634797}