{"aAcc": 71.0, "mIoU": 26.88, "mAcc": 36.32, "data_time": 0.03696647834777832, "time": 0.9956980237960815}