{"aAcc": 80.59, "mIoU": 44.82, "mAcc": 54.72, "data_time": 0.002766370415687561, "time": 0.42221021056175234}