{"aAcc": 81.45, "mIoU": 45.85, "mAcc": 58.92, "data_time": 0.002025978446006775, "time": 1.3757070696353912}