{"aAcc": 90.46, "mIoU": 60.75, "mAcc": 71.76, "data_time": 0.0020843391339477792, "time": 0.3779344759454721}