{"aAcc": 81.2, "mIoU": 44.68, "mAcc": 54.98, "data_time": 0.0017860029935836792, "time": 6.580275987505913}