{"aAcc": 95.63, "mIoU": 74.98, "mAcc": 82.53, "data_time": 0.004568233013153076, "time": 4.972352984905243}