{"aAcc": 96.0, "mIoU": 78.01, "mAcc": 84.99, "data_time": 0.005734249114990235, "time": 0.30868630266189573}