{"aAcc": 91.24, "mIoU": 61.33, "mAcc": 70.21, "data_time": 0.004534904956817627, "time": 0.2588241605758667}