{"aAcc": 80.64, "mIoU": 44.66, "mAcc": 57.22, "data_time": 0.0014559539556503296, "time": 0.14993686485290528}