{"aAcc": 89.61, "mIoU": 60.91, "mAcc": 74.52, "data_time": 0.00796785831451416, "time": 0.35800925064086914}