{"aAcc": 0.89, "mIoU": 0.31, "mAcc": 1.06, "data_time": 0.0328050856590271, "time": 6.247280060887337}