{"aAcc": 18.59, "mIoU": 1.59, "mAcc": 3.24, "data_time": 0.00288258957862854, "time": 2.1198320583105086}