{"aAcc": 85.14, "mIoU": 43.13, "mAcc": 49.15, "data_time": 0.004655489444732666, "time": 0.3898088235855103}