{"aAcc": 76.98, "mIoU": 38.62, "mAcc": 47.69, "data_time": 0.0016565659046173095, "time": 0.2110323454141617}