{"aAcc": 59.54, "mIoU": 26.29, "mAcc": 37.95, "data_time": 0.004732678890228272, "time": 1.158139204978943}