{"aAcc": 85.44, "mIoU": 44.67, "mAcc": 61.27, "data_time": 0.01265870397711228, "time": 0.49572589761064}