{"aAcc": 84.89, "mIoU": 55.3, "mAcc": 67.3, "data_time": 0.0018835538625717164, "time": 0.45043150103092194}