{"aAcc": 45.05, "mIoU": 22.82, "mAcc": 33.03, "data_time": 0.0060645613670349124, "time": 1.0466340975761415}