{"aAcc": 93.75, "mIoU": 73.8, "mAcc": 83.89, "data_time": 0.001900668470015437, "time": 0.39335019840216784}