{"aAcc": 0.01, "mIoU": 0.0, "mAcc": 0.01, "data_time": 0.016529545068740846, "time": 6.87911958861351}