{"aAcc": 96.78, "mIoU": 82.75, "mAcc": 88.83, "data_time": 0.09797311782836914, "time": 1.3290766401290894}