{"aAcc": 95.3, "mIoU": 73.44, "mAcc": 80.59, "data_time": 0.005166228771209717, "time": 0.17404998970031738}