{"aAcc": 78.91, "mIoU": 41.77, "mAcc": 51.42, "data_time": 0.0017201082706451416, "time": 0.17612452518939972}