{"aAcc": 82.02, "mIoU": 44.87, "mAcc": 67.67, "data_time": 0.01504862596447341, "time": 1.0194296736483577}