{"aAcc": 84.31, "mIoU": 53.49, "mAcc": 65.72, "data_time": 0.0017085540294647216, "time": 0.26778250420093536}