{"aAcc": 75.18, "mIoU": 25.57, "mAcc": 40.91, "data_time": 0.012494392605630837, "time": 4.51987109766737}