{"aAcc": 84.42, "mIoU": 53.61, "mAcc": 66.23, "data_time": 0.0017430266141891478, "time": 0.3991416047811508}