{"aAcc": 5.16, "mIoU": 1.92, "mAcc": 10.99, "data_time": 0.015205167259653327, "time": 1.3324031115730028}