{"aAcc": 95.1, "mIoU": 72.87, "mAcc": 81.29, "data_time": 0.03554752540588379, "time": 6.332850193977356}