{"aAcc": 74.32, "mIoU": 31.49, "mAcc": 38.38, "data_time": 0.007692489624023437, "time": 1.8813296241760253}