{"aAcc": 60.5, "mIoU": 12.74, "mAcc": 18.13, "data_time": 0.0016675591468811035, "time": 0.31037600481510164}