{"aAcc": 91.12, "mIoU": 63.26, "mAcc": 75.2, "data_time": 0.0027839054807948607, "time": 0.48608246468280086}