{"aAcc": 62.2, "mIoU": 15.58, "mAcc": 22.16, "data_time": 0.015165189266204833, "time": 0.5138593821525573}