{"aAcc": 79.3, "mIoU": 43.26, "mAcc": 64.86, "data_time": 0.015840080872003254, "time": 4.577888068863241}