{"aAcc": 86.43, "mIoU": 57.93, "mAcc": 70.82, "data_time": 0.20213093428776183, "time": 1.6237064147817677}