{"aAcc": 95.76, "mIoU": 76.58, "mAcc": 84.57, "data_time": 0.025037357807159422, "time": 1.0924051251411437}