{"aAcc": 12.62, "mIoU": 0.3, "mAcc": 1.45, "data_time": 0.002246125340461731, "time": 1.5136632903814315}