{"aAcc": 92.68, "mIoU": 60.7, "mAcc": 73.07, "data_time": 0.011256093502044678, "time": 42.017185643672946}