{"aAcc": 37.66, "mIoU": 1.98, "mAcc": 5.26, "data_time": 0.010769415378570556, "time": 38.223233963489534}