{"aAcc": 79.73, "mIoU": 41.5, "mAcc": 52.23, "data_time": 0.0036936054229736327, "time": 6.9298465062379835}