{"aAcc": 94.33, "mIoU": 74.81, "mAcc": 85.24, "data_time": 0.001825219602565094, "time": 0.10059148579157164}