{"aAcc": 95.65, "mIoU": 76.62, "mAcc": 84.01, "data_time": 0.005601142406463623, "time": 0.5758703017234802}