{"aAcc": 79.29, "mIoU": 40.5, "mAcc": 51.05, "data_time": 0.015436062812805176, "time": 0.5036109827756882}