{"aAcc": 91.68, "mIoU": 65.31, "mAcc": 77.52, "data_time": 0.00273940824820635, "time": 0.4567829501308023}