{"aAcc": 69.14, "mIoU": 24.94, "mAcc": 30.72, "data_time": 0.002164989471435547, "time": 0.44414865887165067}