{"aAcc": 3.35, "mIoU": 0.22, "mAcc": 0.41, "data_time": 0.017436641693115235, "time": 4.703525572776795}