{"aAcc": 87.99, "mIoU": 49.92, "mAcc": 56.46, "data_time": 0.004696098327636719, "time": 0.9162979836463928}