{"aAcc": 89.7, "mIoU": 55.66, "mAcc": 67.87, "data_time": 0.09927265644073487, "time": 21.105161425590516}