{"aAcc": 71.64, "mIoU": 31.08, "mAcc": 39.66, "data_time": 0.0022084801197052003, "time": 0.18611097264289855}