{"aAcc": 93.26, "mIoU": 62.65, "mAcc": 74.41, "data_time": 0.006947046279907227, "time": 5.948117184638977}