{"aAcc": 91.74, "mIoU": 67.49, "mAcc": 78.46, "data_time": 0.0017541526020437047, "time": 1.3324297552194326}