{"aAcc": 58.56, "mIoU": 12.71, "mAcc": 18.61, "data_time": 0.001683082938194275, "time": 0.35546089375019074}