{"aAcc": 31.81, "mIoU": 3.27, "mAcc": 5.6, "data_time": 0.002667099118232727, "time": 3.435902095198631}