{"aAcc": 86.08, "mIoU": 50.74, "mAcc": 63.95, "data_time": 0.05515095090866089, "time": 7.937899165153503}