{"aAcc": 88.21, "mIoU": 53.42, "mAcc": 69.38, "data_time": 0.06587697982788086, "time": 0.2381289291381836}