{"aAcc": 81.74, "mIoU": 51.32, "mAcc": 62.76, "data_time": 0.0022643393278121947, "time": 0.7832172926664352}