{"aAcc": 92.92, "mIoU": 69.02, "mAcc": 78.51, "data_time": 0.005173945114314762, "time": 1.1728361510177412}