{"aAcc": 90.62, "mIoU": 55.52, "mAcc": 76.18, "data_time": 0.06705465793609619, "time": 4.3866205978393555}