{"aAcc": 94.39, "mIoU": 71.87, "mAcc": 79.6, "data_time": 0.006178645133972168, "time": 1.2523129811286926}