{"aAcc": 72.91, "mIoU": 24.09, "mAcc": 35.29, "data_time": 0.004919834613800049, "time": 4.645674803733826}