{"aAcc": 78.6, "mIoU": 43.19, "mAcc": 57.34, "data_time": 0.023849462151527404, "time": 5.406266264796257}