{"aAcc": 57.75, "mIoU": 20.81, "mAcc": 28.4, "data_time": 0.006102919101715088, "time": 1.0221077904701232}