{"aAcc": 37.66, "mIoU": 1.98, "mAcc": 5.26, "data_time": 0.004822641372680664, "time": 1.582770619392395}