{"aAcc": 95.05, "mIoU": 77.35, "mAcc": 85.23, "data_time": 0.001451142990975811, "time": 0.38881481064032325}