{"aAcc": 80.43, "mIoU": 42.62, "mAcc": 55.12, "data_time": 0.0017949138879776, "time": 6.111916642189026}