{"aAcc": 93.38, "mIoU": 70.27, "mAcc": 77.7, "data_time": 0.0020409777215466655, "time": 7.250209513822862}