{"aAcc": 92.57, "mIoU": 62.66, "mAcc": 73.13, "data_time": 0.006476744174957276, "time": 0.42466509056091306}