{"aAcc": 94.25, "mIoU": 68.92, "mAcc": 78.69, "data_time": 0.006153614044189453, "time": 0.49844152069091796}