{"aAcc": 92.99, "mIoU": 67.82, "mAcc": 74.68, "data_time": 0.11533048486709595, "time": 0.719528136253357}