{"lr": 0.0019819639278557113, "data_time": 0.0037947654724121093, "loss": 0.7204855048656463, "loss_rpn_cls": 0.616610244512558, "loss_rpn_bbox": 0.1038752650655806, "time": 0.16967325687408447, "epoch": 1, "iter": 50, "memory": 3405, "step": 50}
{"lr": 0.0039839679358717435, "data_time": 0.003833894729614258, "loss": 0.41177283197641373, "loss_rpn_cls": 0.28917645201087, "loss_rpn_bbox": 0.12259637963026762, "time": 0.15843506813049316, "epoch": 1, "iter": 100, "memory": 3405, "step": 100}
{"lr": 0.005985971943887774, "data_time": 0.003735218048095703, "loss": 0.2968822690844536, "loss_rpn_cls": 0.19965131275355816, "loss_rpn_bbox": 0.09723095542751253, "time": 0.16860743045806884, "epoch": 1, "iter": 150, "memory": 3405, "step": 150}
{"lr": 0.007987975951903804, "data_time": 0.0038066768646240236, "loss": 0.3228063635528088, "loss_rpn_cls": 0.22032320752739906, "loss_rpn_bbox": 0.10248315788805484, "time": 0.15851065158843994, "epoch": 1, "iter": 200, "memory": 3405, "step": 200}
{"lr": 0.009989979959919832, "data_time": 0.00377467155456543, "loss": 0.6429750598967076, "loss_rpn_cls": 0.41021571710705756, "loss_rpn_bbox": 0.23275933995842935, "time": 0.15858640193939208, "epoch": 1, "iter": 250, "memory": 3405, "step": 250}
