{"aAcc": 86.28, "mIoU": 63.85, "mAcc": 76.42, "data_time": 0.0063034272193908695, "time": 0.2491335687637329}