{"aAcc": 6.72, "mIoU": 2.42, "mAcc": 12.15, "data_time": 0.015469013204897084, "time": 4.434783019716778}