{"aAcc": 94.73, "mIoU": 76.27, "mAcc": 83.92, "data_time": 0.00196002827914852, "time": 0.40146829014074564}