{"aAcc": 71.22, "mIoU": 31.35, "mAcc": 42.44, "data_time": 0.017330459833145143, "time": 1.6055574316978454}