{"aAcc": 84.51, "mIoU": 53.66, "mAcc": 63.84, "data_time": 0.0016036642789840699, "time": 0.48790815579891206}