{"lr": 0.009997271253657354, "data_time": 0.005530810356140137, "loss": 1.0214241921901703, "decode.loss_ce": 0.7025058329105377, "decode.acc_seg": 21.918720245361328, "aux.loss_ce": 0.318918351829052, "aux.acc_seg": 19.293378829956055, "time": 1.2426724433898926, "iter": 50, "memory": 22792, "step": 50}
{"lr": 0.00999448673244192, "data_time": 0.005708026885986328, "loss": 1.0525474488735198, "decode.loss_ce": 0.7273767232894898, "decode.acc_seg": 29.286258697509766, "aux.loss_ce": 0.3251707285642624, "aux.acc_seg": 7.881138801574707, "time": 1.2425283193588257, "iter": 100, "memory": 19247, "step": 100}
{"lr": 0.00999170212415443, "data_time": 0.0054131031036376955, "loss": 1.0396997779607773, "decode.loss_ce": 0.7301321923732758, "decode.acc_seg": 29.29001235961914, "aux.loss_ce": 0.3095675714313984, "aux.acc_seg": 28.691373825073242, "time": 1.2440909624099732, "iter": 150, "memory": 19247, "step": 150}
