{"aAcc": 90.01, "mIoU": 56.05, "mAcc": 66.2, "data_time": 0.007372247695922852, "time": 0.584974308013916}