{"aAcc": 91.64, "mIoU": 61.59, "mAcc": 68.75, "data_time": 0.004612286567687988, "time": 0.9760216813087463}