{"aAcc": 95.87, "mIoU": 81.5, "mAcc": 90.23, "data_time": 0.0019577699665203844, "time": 0.1343524205923245}