{"aAcc": 72.47, "mIoU": 32.89, "mAcc": 44.32, "data_time": 0.002189279317855835, "time": 1.146723729610443}