{"aAcc": 70.62, "mIoU": 33.17, "mAcc": 42.2, "data_time": 0.002637981176376343, "time": 4.413786901831627}