{"aAcc": 90.16, "mIoU": 60.22, "mAcc": 72.62, "data_time": 0.001985382918574384, "time": 0.07975362266977545}