{"aAcc": 80.06, "mIoU": 42.53, "mAcc": 51.96, "data_time": 0.0019634721279144286, "time": 0.31631300830841064}