{"aAcc": 78.91, "mIoU": 41.76, "mAcc": 51.59, "data_time": 0.001701129913330078, "time": 0.241272514462471}