{"aAcc": 92.95, "mIoU": 58.6, "mAcc": 68.89, "data_time": 0.005199728012084961, "time": 1.3602924404144288}