{"aAcc": 87.05, "mIoU": 49.22, "mAcc": 56.65, "data_time": 0.0015701030023020659, "time": 0.604133869550243}