{"aAcc": 80.17, "mIoU": 41.65, "mAcc": 51.67, "data_time": 0.0025067528486251833, "time": 0.31343112063407896}