{"aAcc": 96.43, "mIoU": 83.43, "mAcc": 91.62, "data_time": 0.0019468166977886993, "time": 0.9419250167428089}