{"aAcc": 90.19, "mIoU": 58.9, "mAcc": 67.94, "data_time": 0.004840770244598389, "time": 0.22143794345855713}