{"aAcc": 90.69, "mIoU": 59.35, "mAcc": 69.39, "data_time": 0.00470982837677002, "time": 1.761132827281952}