{"aAcc": 93.91, "mIoU": 74.53, "mAcc": 84.43, "data_time": 0.0021366997370644222, "time": 0.3956845051835865}