{"aAcc": 83.31, "mIoU": 51.07, "mAcc": 63.37, "data_time": 0.0031843373775482177, "time": 0.2723041106462479}