{"aAcc": 94.08, "mIoU": 73.87, "mAcc": 81.65, "data_time": 0.0015169957162924188, "time": 0.40450104357375205}