{"aAcc": 9.51, "mIoU": 0.28, "mAcc": 1.29, "data_time": 0.0022869876623153687, "time": 1.2388952167034148}