{"aAcc": 88.43, "mIoU": 55.66, "mAcc": 64.81, "data_time": 0.12767879581451416, "time": 2.1285568685531615}