{"aAcc": 84.17, "mIoU": 38.61, "mAcc": 47.8, "data_time": 0.005213315010070801, "time": 1.0902180194854736}