{"aAcc": 78.19, "mIoU": 45.52, "mAcc": 62.09, "data_time": 0.12526682444981166, "time": 1.6364948367837615}