{"aAcc": 12.25, "mIoU": 2.79, "mAcc": 5.69, "data_time": 0.0028989243507385252, "time": 0.5615674225091934}