{"aAcc": 67.32, "mIoU": 26.37, "mAcc": 34.48, "data_time": 0.0016922887563705444, "time": 0.7608627802133561}