{"aAcc": 95.58, "mIoU": 76.4, "mAcc": 84.0, "data_time": 0.0045468807220458984, "time": 0.608576313495636}