{"aAcc": 97.02, "mIoU": 83.62, "mAcc": 89.26, "data_time": 0.09838356399536133, "time": 1.7012535705566407}