{"aAcc": 96.06, "mIoU": 79.35, "mAcc": 86.38, "data_time": 0.004572406768798828, "time": 5.557862350940704}