{"aAcc": 70.34, "mIoU": 25.5, "mAcc": 31.27, "data_time": 0.0017979011535644532, "time": 0.391941786646843}