{"aAcc": 83.44, "mIoU": 51.65, "mAcc": 64.28, "data_time": 0.0017141095399856568, "time": 0.9775050576925278}