{"aAcc": 0.05, "mIoU": 0.02, "mAcc": 0.12, "data_time": 0.014861082356086347, "time": 1.0333930230124233}