{"aAcc": 60.43, "mIoU": 21.36, "mAcc": 26.58, "data_time": 0.002265506029129028, "time": 1.18544347012043}