{"aAcc": 77.61, "mIoU": 39.76, "mAcc": 49.17, "data_time": 0.004858233094215393, "time": 0.6297457991838455}