{"aAcc": 94.79, "mIoU": 77.99, "mAcc": 88.35, "data_time": 0.0017134388041052018, "time": 0.18859699744862304}