{"aAcc": 76.09, "mIoU": 40.22, "mAcc": 54.83, "data_time": 0.014910073280334472, "time": 6.984908490657807}