{"aAcc": 92.5, "mIoU": 68.18, "mAcc": 79.66, "data_time": 0.0018965768517914766, "time": 0.06416667420918404}