{"aAcc": 87.68, "mIoU": 47.34, "mAcc": 59.78, "data_time": 0.006287721157073975, "time": 0.7099311232566834}