{"aAcc": 82.89, "mIoU": 48.17, "mAcc": 61.23, "data_time": 0.0016794999837875366, "time": 0.23291877460479737}