{"aAcc": 95.37, "mIoU": 78.97, "mAcc": 88.94, "data_time": 0.0017946309431245856, "time": 0.9112805003869772}