{"aAcc": 96.44, "mIoU": 80.01, "mAcc": 86.92, "data_time": 0.12305705881118774, "time": 0.3703519449234009}