{"aAcc": 91.59, "mIoU": 64.67, "mAcc": 78.12, "data_time": 0.0016470850542383082, "time": 0.4566670861056626}