{"aAcc": 93.76, "mIoU": 73.16, "mAcc": 84.16, "data_time": 0.002021512629822915, "time": 0.18836837969951747}