{"aAcc": 77.94, "mIoU": 37.67, "mAcc": 48.02, "data_time": 0.003261067748069763, "time": 0.20676090228557586}