{"aAcc": 59.42, "mIoU": 26.01, "mAcc": 37.55, "data_time": 0.004878053665161133, "time": 1.1607621808052062}