{"aAcc": 85.8, "mIoU": 50.45, "mAcc": 63.76, "data_time": 0.006406381130218506, "time": 6.6909318156242374}