{"aAcc": 94.33, "mIoU": 74.49, "mAcc": 81.92, "data_time": 0.0015053999185397594, "time": 0.4181514217410933}