{"aAcc": 95.34, "mIoU": 75.55, "mAcc": 82.26, "data_time": 0.004508874416351318, "time": 0.48810701322555544}