{"aAcc": 74.32, "mIoU": 35.8, "mAcc": 47.39, "data_time": 0.01830970096588135, "time": 4.683451048612595}