{"aAcc": 95.28, "mIoU": 74.18, "mAcc": 82.18, "data_time": 0.009028560638427734, "time": 36.794432681560515}