{"aAcc": 87.36, "mIoU": 46.8, "mAcc": 66.34, "data_time": 0.06669987916946411, "time": 4.722747037410736}