{"aAcc": 70.87, "mIoU": 39.36, "mAcc": 51.76, "data_time": 0.0058651666641235355, "time": 0.37418900442123415}