{"aAcc": 75.35, "mIoU": 26.93, "mAcc": 44.41, "data_time": 0.02015835684361007, "time": 5.184121094217294}