{"aAcc": 96.23, "mIoU": 79.39, "mAcc": 85.94, "data_time": 0.005954676151275635, "time": 0.48335182809829713}