{"aAcc": 94.5, "mIoU": 75.61, "mAcc": 84.38, "data_time": 0.0016164547661570042, "time": 0.4394822787053837}