{"aAcc": 76.06, "mIoU": 48.06, "mAcc": 60.49, "data_time": 0.006894309520721436, "time": 0.36443223905563354}