{"aAcc": 79.84, "mIoU": 43.55, "mAcc": 55.66, "data_time": 0.0021787676811218263, "time": 0.26364663100242614}