{"aAcc": 82.35, "mIoU": 47.02, "mAcc": 59.56, "data_time": 0.0016935694217681885, "time": 0.09728608310222625}