{"aAcc": 95.88, "mIoU": 76.22, "mAcc": 83.59, "data_time": 0.004679762363433838, "time": 1.1408009209632874}