{"aAcc": 92.52, "mIoU": 66.99, "mAcc": 76.3, "data_time": 0.005038697938412284, "time": 8.2245052023704}