{"aAcc": 75.93, "mIoU": 41.44, "mAcc": 56.13, "data_time": 0.002306405425071716, "time": 1.253709515094757}