{"aAcc": 90.69, "mIoU": 68.81, "mAcc": 77.23, "data_time": 0.0049327373504638675, "time": 0.4595255990028381}