{"aAcc": 91.69, "mIoU": 65.27, "mAcc": 78.51, "data_time": 0.0023349305528702615, "time": 0.4255754082181521}