{"aAcc": 5.47, "mIoU": 2.87, "mAcc": 14.26, "data_time": 0.01589380255067982, "time": 3.047080537547236}