{"aAcc": 9.43, "mIoU": 0.1, "mAcc": 0.75, "data_time": 0.002453294038772583, "time": 2.150709520936012}