{"aAcc": 89.05, "mIoU": 61.93, "mAcc": 79.62, "data_time": 0.016592795968960697, "time": 4.454459355895975}