{"aAcc": 81.6, "mIoU": 45.68, "mAcc": 65.28, "data_time": 0.021171731896199714, "time": 6.27530134374146}