{"aAcc": 81.34, "mIoU": 44.81, "mAcc": 55.41, "data_time": 0.001629658818244934, "time": 0.12955963718891145}