{"aAcc": 91.87, "mIoU": 69.05, "mAcc": 82.55, "data_time": 0.0020910800120351723, "time": 1.1335120010244344}