{"aAcc": 95.08, "mIoU": 77.56, "mAcc": 85.23, "data_time": 0.001579730242511336, "time": 0.5944431869633203}