{"aAcc": 96.78, "mIoU": 82.74, "mAcc": 88.62, "data_time": 0.004683333396911621, "time": 1.456666760444641}