{"aAcc": 82.24, "mIoU": 47.28, "mAcc": 58.55, "data_time": 0.0017519057989120483, "time": 0.2805769236087799}