{"aAcc": 9.48, "mIoU": 0.28, "mAcc": 1.29, "data_time": 0.00227032995223999, "time": 1.5699001516103746}