{"aAcc": 76.18, "mIoU": 41.53, "mAcc": 56.59, "data_time": 0.004782993912696838, "time": 1.8256183614730834}