{"aAcc": 83.17, "mIoU": 50.11, "mAcc": 62.13, "data_time": 0.003316694736480713, "time": 0.3887436330318451}