{"aAcc": 79.2, "mIoU": 52.78, "mAcc": 62.19, "data_time": 0.004712709903717041, "time": 0.3615055336952209}