{"aAcc": 96.37, "mIoU": 79.96, "mAcc": 86.87, "data_time": 0.004554194927215576, "time": 1.4607854022979736}