{"aAcc": 92.18, "mIoU": 69.91, "mAcc": 83.86, "data_time": 0.00216596796234531, "time": 1.1776801628273383}