{"aAcc": 92.21, "mIoU": 70.13, "mAcc": 83.88, "data_time": 0.0020914801735150723, "time": 1.05076577599251}