{"aAcc": 83.55, "mIoU": 51.56, "mAcc": 65.54, "data_time": 0.1320547088613651, "time": 0.3688144495921769}