{"aAcc": 95.71, "mIoU": 76.39, "mAcc": 84.09, "data_time": 0.058340116024017334, "time": 6.991822120666504}