{"aAcc": 94.89, "mIoU": 71.52, "mAcc": 79.16, "data_time": 0.005061813354492187, "time": 38.34697521543503}