{"aAcc": 86.31, "mIoU": 51.4, "mAcc": 64.13, "data_time": 0.005616780757904053, "time": 5.997588717460633}