{"aAcc": 68.08, "mIoU": 26.61, "mAcc": 38.08, "data_time": 0.017046497106552125, "time": 1.3314448461532593}