{"aAcc": 96.31, "mIoU": 79.7, "mAcc": 86.47, "data_time": 0.028616660594940186, "time": 0.8559666876792907}