{"aAcc": 83.65, "mIoU": 51.85, "mAcc": 64.73, "data_time": 0.0026751081943511964, "time": 0.40549586224555967}