{"aAcc": 9.0, "mIoU": 1.24, "mAcc": 5.25, "data_time": 0.03617800540805603, "time": 5.031606452887925}