{"aAcc": 94.69, "mIoU": 77.08, "mAcc": 87.87, "data_time": 0.0018212158487450262, "time": 0.9357886352236309}