{"aAcc": 81.26, "mIoU": 45.12, "mAcc": 57.82, "data_time": 0.002046740412712097, "time": 0.8076282448768616}