{"aAcc": 94.91, "mIoU": 69.1, "mAcc": 76.76, "data_time": 0.007566405296325684, "time": 0.26714723348617553}