{"aAcc": 82.02, "mIoU": 46.38, "mAcc": 57.48, "data_time": 0.001635219931602478, "time": 0.17584259879589081}