{"aAcc": 66.89, "mIoU": 23.86, "mAcc": 31.82, "data_time": 0.007018327236175537, "time": 4.705073233127594}