{"aAcc": 79.49, "mIoU": 41.61, "mAcc": 65.86, "data_time": 0.01504178109705407, "time": 1.0434474555108364}