{"aAcc": 81.9, "mIoU": 36.2, "mAcc": 45.01, "data_time": 0.007309996128082276, "time": 0.49164017152786255}