{"aAcc": 0.12, "mIoU": 0.04, "mAcc": 0.32, "data_time": 0.048406878202186934, "time": 5.5016108915014375}