{"aAcc": 87.73, "mIoU": 61.54, "mAcc": 70.51, "data_time": 0.004664841175079345, "time": 0.6038172750473022}