{"aAcc": 96.71, "mIoU": 81.83, "mAcc": 88.68, "data_time": 0.006094167232513428, "time": 1.3958932752609252}