{"aAcc": 95.72, "mIoU": 80.23, "mAcc": 89.45, "data_time": 0.0018566946394283908, "time": 0.09433701072914014}