{"aAcc": 92.11, "mIoU": 55.2, "mAcc": 64.57, "data_time": 0.005668160915374756, "time": 0.27175452375411985}