{"aAcc": 94.42, "mIoU": 75.85, "mAcc": 86.44, "data_time": 0.001959258560644009, "time": 0.14563879101255006}