{"aAcc": 0.05, "mIoU": 0.02, "mAcc": 0.16, "data_time": 0.015462441638554269, "time": 1.3602862264305415}