{"aAcc": 85.11, "mIoU": 50.71, "mAcc": 69.27, "data_time": 0.01544097425857028, "time": 6.604460484739663}