{"aAcc": 80.61, "mIoU": 46.62, "mAcc": 60.06, "data_time": 0.0021467262506484983, "time": 0.2657883138656616}