{"aAcc": 79.28, "mIoU": 31.24, "mAcc": 43.19, "data_time": 0.0059311318397521975, "time": 4.194228134632111}