{"aAcc": 0.46, "mIoU": 0.15, "mAcc": 0.65, "data_time": 0.002452520489692688, "time": 1.1809975353479385}