{"aAcc": 0.45, "mIoU": 0.11, "mAcc": 0.48, "data_time": 0.019045755729912232, "time": 2.4950672158543368}