{"aAcc": 66.89, "mIoU": 23.86, "mAcc": 31.82, "data_time": 0.0051999235153198245, "time": 4.649004107475281}