{"aAcc": 80.9, "mIoU": 44.99, "mAcc": 58.55, "data_time": 0.001566642642021179, "time": 0.15631012380123138}