{"aAcc": 74.17, "mIoU": 25.13, "mAcc": 40.8, "data_time": 0.03187440476638025, "time": 4.687870564997155}