{"aAcc": 81.86, "mIoU": 46.4, "mAcc": 56.98, "data_time": 0.0017480605840682983, "time": 0.2053646993637085}