{"aAcc": 81.79, "mIoU": 47.41, "mAcc": 58.22, "data_time": 0.0016262197494506835, "time": 0.20902951228618621}