{"aAcc": 77.53, "mIoU": 37.1, "mAcc": 47.88, "data_time": 0.0015798804759979248, "time": 0.2581028914451599}