{"aAcc": 96.1, "mIoU": 79.57, "mAcc": 86.61, "data_time": 0.006082179546356201, "time": 5.572575944900513}