{"aAcc": 22.16, "mIoU": 2.48, "mAcc": 6.49, "data_time": 0.10063702154159546, "time": 11.239750724315643}