{"aAcc": 83.02, "mIoU": 42.11, "mAcc": 61.74, "data_time": 0.002020491329532726, "time": 0.4488161643510691}