{"aAcc": 94.37, "mIoU": 73.06, "mAcc": 80.99, "data_time": 0.004479789257049561, "time": 0.5453919529914856}