{"aAcc": 80.29, "mIoU": 42.48, "mAcc": 52.4, "data_time": 0.002279761075973511, "time": 0.21859606838226317}