{"aAcc": 88.35, "mIoU": 49.47, "mAcc": 57.6, "data_time": 0.005281041145324707, "time": 0.3940501551628113}