{"aAcc": 78.99, "mIoU": 41.46, "mAcc": 52.44, "data_time": 0.001669838309288025, "time": 1.0351564106941222}