{"aAcc": 37.66, "mIoU": 1.98, "mAcc": 5.26, "data_time": 0.004407726764678955, "time": 0.8713307733535767}