{"aAcc": 93.33, "mIoU": 59.68, "mAcc": 67.55, "data_time": 0.005870535850524903, "time": 0.6927124614715576}