{"aAcc": 91.08, "mIoU": 50.77, "mAcc": 60.17, "data_time": 0.01050845718383789, "time": 0.47998006629943846}