{"aAcc": 94.54, "mIoU": 76.89, "mAcc": 87.79, "data_time": 0.0017956004132888826, "time": 0.16908692852886403}