{"aAcc": 87.93, "mIoU": 52.39, "mAcc": 66.89, "data_time": 0.0017252508075258665, "time": 0.8766588139649175}