{"aAcc": 94.92, "mIoU": 71.62, "mAcc": 79.29, "data_time": 0.005917968273162842, "time": 37.679049852371215}