{"aAcc": 11.57, "mIoU": 0.2, "mAcc": 0.84, "data_time": 0.002469776511192322, "time": 5.618147552609444}