{"aAcc": 95.67, "mIoU": 75.48, "mAcc": 83.09, "data_time": 0.007365632057189942, "time": 0.242368643283844}