{"aAcc": 95.99, "mIoU": 77.4, "mAcc": 84.03, "data_time": 0.00481030797958374, "time": 0.36030514192581176}