{"aAcc": 3.24, "mIoU": 0.35, "mAcc": 0.75, "data_time": 0.01838528907299042, "time": 2.1933091852664948}