{"aAcc": 77.9, "mIoU": 38.08, "mAcc": 47.8, "data_time": 0.001752474308013916, "time": 0.15602015125751495}