{"aAcc": 8.95, "mIoU": 0.06, "mAcc": 0.67, "data_time": 0.0027013280391693117, "time": 4.167485619783402}