{"aAcc": 92.51, "mIoU": 63.55, "mAcc": 73.6, "data_time": 0.11783204603195191, "time": 27.1016927523613}