{"aAcc": 80.71, "mIoU": 43.87, "mAcc": 56.03, "data_time": 0.0016333681344985961, "time": 0.09699421107769013}