{"aAcc": 93.73, "mIoU": 64.35, "mAcc": 75.21, "data_time": 0.005169569492340088, "time": 1.3623451719284057}