{"aAcc": 72.95, "mIoU": 36.56, "mAcc": 48.47, "data_time": 0.0054863314628601076, "time": 0.2681805830001831}