{"aAcc": 94.64, "mIoU": 77.03, "mAcc": 86.05, "data_time": 0.0018892556408341792, "time": 0.15652978691748703}