{"aAcc": 68.36, "mIoU": 29.61, "mAcc": 43.45, "data_time": 0.11586343567326383, "time": 3.2780419250704207}