{"aAcc": 73.65, "mIoU": 35.68, "mAcc": 49.9, "data_time": 0.0018005156517028808, "time": 0.967143270611763}