{"aAcc": 85.11, "mIoU": 57.79, "mAcc": 69.93, "data_time": 0.2213225153279422, "time": 1.6821086506538203}