{"aAcc": 93.65, "mIoU": 71.78, "mAcc": 80.6, "data_time": 0.0016497996365143729, "time": 1.1876631117097423}