{"aAcc": 92.47, "mIoU": 67.41, "mAcc": 75.81, "data_time": 0.004691973209381104, "time": 0.33143416118621827}