{"aAcc": 95.0, "mIoU": 78.04, "mAcc": 87.87, "data_time": 0.001991900022149991, "time": 0.290621184578758}