{"aAcc": 96.26, "mIoU": 79.63, "mAcc": 85.84, "data_time": 0.004619147300720215, "time": 0.9466226058006286}