{"aAcc": 95.17, "mIoU": 78.43, "mAcc": 86.34, "data_time": 0.00145767523223898, "time": 0.39264250706606196}