{"aAcc": 96.11, "mIoU": 79.81, "mAcc": 87.51, "data_time": 0.033136234283447266, "time": 1.5970332956314086}