{"aAcc": 73.16, "mIoU": 37.23, "mAcc": 61.6, "data_time": 0.01601063703322427, "time": 6.651831442936278}