{"aAcc": 64.21, "mIoU": 23.5, "mAcc": 30.8, "data_time": 0.0020245624780654906, "time": 0.864779548406601}