{"aAcc": 94.44, "mIoU": 75.17, "mAcc": 83.01, "data_time": 0.0016074279327076661, "time": 0.5556849775189281}