{"aAcc": 95.62, "mIoU": 76.0, "mAcc": 83.57, "data_time": 0.011585577964782715, "time": 37.84786372423172}