{"aAcc": 91.75, "mIoU": 52.47, "mAcc": 61.51, "data_time": 0.00655617094039917, "time": 5.448255418300628}