{"aAcc": 75.0, "mIoU": 36.12, "mAcc": 47.26, "data_time": 0.0015371644496917725, "time": 0.13927542436122894}