{"aAcc": 75.85, "mIoU": 27.03, "mAcc": 44.59, "data_time": 0.014393446937439934, "time": 5.11473033920167}