{"aAcc": 96.52, "mIoU": 80.83, "mAcc": 87.77, "data_time": 0.0046684865951538085, "time": 1.3846696438789368}