{"aAcc": 91.7, "mIoU": 67.41, "mAcc": 78.26, "data_time": 0.0016326302080174164, "time": 1.3660847865934616}