{"aAcc": 93.33, "mIoU": 68.58, "mAcc": 80.3, "data_time": 0.005399771690368652, "time": 1.0888888964653014}