{"aAcc": 81.09, "mIoU": 45.21, "mAcc": 56.68, "data_time": 0.002208417177200317, "time": 0.36504868519306183}