{"aAcc": 76.95, "mIoU": 39.23, "mAcc": 51.3, "data_time": 0.016887984991073607, "time": 3.489535636782646}