{"aAcc": 96.91, "mIoU": 82.76, "mAcc": 88.93, "data_time": 0.0048272967338562015, "time": 0.8640682902336121}