{"aAcc": 82.38, "mIoU": 48.25, "mAcc": 59.45, "data_time": 0.010728565692901612, "time": 0.60780652821064}