{"aAcc": 44.82, "mIoU": 37.18, "mAcc": 44.25, "data_time": 0.00451831865310669, "time": 0.4482111854553223}