{"lr": 0.0019819639278557113, "data_time": 0.007119412422180176, "loss": 0.7072409641742706, "loss_rpn_cls": 0.607610781788826, "loss_rpn_bbox": 0.09963018646463752, "time": 0.12561766147613526, "epoch": 1, "iter": 50, "memory": 3135, "step": 50}
{"lr": 0.0039839679358717435, "data_time": 0.0028776121139526367, "loss": 0.35468318611383437, "loss_rpn_cls": 0.24135334983468057, "loss_rpn_bbox": 0.1133298372477293, "time": 0.0753513240814209, "epoch": 1, "iter": 100, "memory": 3080, "step": 100}
{"lr": 0.005985971943887774, "data_time": 0.0026534318923950194, "loss": 0.3377536006271839, "loss_rpn_cls": 0.22796646237373352, "loss_rpn_bbox": 0.10978713741526008, "time": 0.07024180889129639, "epoch": 1, "iter": 150, "memory": 3079, "step": 150}
{"lr": 0.007987975951903804, "data_time": 0.0026664257049560545, "loss": 0.29126924186944964, "loss_rpn_cls": 0.20044673547148706, "loss_rpn_bbox": 0.0908225055411458, "time": 0.07010881900787354, "epoch": 1, "iter": 200, "memory": 3079, "step": 200}
{"lr": 0.009989979959919832, "data_time": 0.002830715179443359, "loss": 0.31423527576029303, "loss_rpn_cls": 0.20141894157975912, "loss_rpn_bbox": 0.11281633719801903, "time": 0.07312243938446045, "epoch": 1, "iter": 250, "memory": 3079, "step": 250}
{"lr": 0.011991983967935849, "data_time": 0.0026955461502075197, "loss": 0.38173511505126956, "loss_rpn_cls": 0.23654775217175483, "loss_rpn_bbox": 0.14518736634403467, "time": 0.0721005630493164, "epoch": 1, "iter": 300, "memory": 3079, "step": 300}
{"lr": 0.01399398797595188, "data_time": 0.002751154899597168, "loss": 0.28189088091254233, "loss_rpn_cls": 0.1861319886147976, "loss_rpn_bbox": 0.09575889091938734, "time": 0.0710435676574707, "epoch": 1, "iter": 350, "memory": 3080, "step": 350}
{"lr": 0.015995991983967908, "data_time": 0.002731833457946777, "loss": 0.3552455738186836, "loss_rpn_cls": 0.2416981529444456, "loss_rpn_bbox": 0.11354741886258125, "time": 0.0685274600982666, "epoch": 1, "iter": 400, "memory": 3080, "step": 400}
{"lr": 0.01799799599198394, "data_time": 0.0026634740829467774, "loss": 0.32654322300106287, "loss_rpn_cls": 0.22341047056019306, "loss_rpn_bbox": 0.10313275312073529, "time": 0.06842733860015869, "epoch": 1, "iter": 450, "memory": 3080, "step": 450}
{"lr": 0.019999999999999952, "data_time": 0.0027533912658691405, "loss": 0.32029828906059266, "loss_rpn_cls": 0.2054830640554428, "loss_rpn_bbox": 0.11481522716581821, "time": 0.06878992080688477, "epoch": 1, "iter": 500, "memory": 3080, "step": 500}
{"lr": 0.019999999999999952, "data_time": 0.0027323246002197267, "loss": 0.34430788218975067, "loss_rpn_cls": 0.22756732642650604, "loss_rpn_bbox": 0.11674055557698011, "time": 0.06731982231140136, "epoch": 1, "iter": 550, "memory": 3079, "step": 550}
{"lr": 0.019999999999999952, "data_time": 0.002700538635253906, "loss": 0.31719418421387674, "loss_rpn_cls": 0.1937687638401985, "loss_rpn_bbox": 0.12342542020604014, "time": 0.06803777694702148, "epoch": 1, "iter": 600, "memory": 3079, "step": 600}
{"lr": 0.019999999999999952, "data_time": 0.002691659927368164, "loss": 0.3263889093697071, "loss_rpn_cls": 0.20982121519744396, "loss_rpn_bbox": 0.11656769446097315, "time": 0.0710110330581665, "epoch": 1, "iter": 650, "memory": 3080, "step": 650}
{"lr": 0.019999999999999952, "data_time": 0.0026332950592041016, "loss": 0.2839737085998058, "loss_rpn_cls": 0.17214483387768267, "loss_rpn_bbox": 0.11182887602597474, "time": 0.06870907306671142, "epoch": 1, "iter": 700, "memory": 3079, "step": 700}
{"lr": 0.019999999999999952, "data_time": 0.0027162456512451172, "loss": 0.2762887838482857, "loss_rpn_cls": 0.1835539425164461, "loss_rpn_bbox": 0.09273484194651246, "time": 0.06939900398254395, "epoch": 1, "iter": 750, "memory": 3080, "step": 750}
{"lr": 0.019999999999999952, "data_time": 0.0026861715316772463, "loss": 0.27289313919842245, "loss_rpn_cls": 0.16051675781607627, "loss_rpn_bbox": 0.11237638104707003, "time": 0.06933771133422852, "epoch": 1, "iter": 800, "memory": 3079, "step": 800}
{"lr": 0.019999999999999952, "data_time": 0.0031075334548950197, "loss": 0.26369222268462184, "loss_rpn_cls": 0.15539967380464076, "loss_rpn_bbox": 0.10829254940152168, "time": 0.07243656635284423, "epoch": 1, "iter": 850, "memory": 3079, "step": 850}
{"lr": 0.019999999999999952, "data_time": 0.002657942771911621, "loss": 0.2919837123900652, "loss_rpn_cls": 0.1818990233540535, "loss_rpn_bbox": 0.11008469060063363, "time": 0.06861563205718994, "epoch": 1, "iter": 900, "memory": 3079, "step": 900}
{"lr": 0.019999999999999952, "data_time": 0.0027539873123168944, "loss": 0.24790554955601693, "loss_rpn_cls": 0.14891598917543888, "loss_rpn_bbox": 0.0989895612001419, "time": 0.07067030906677246, "epoch": 1, "iter": 950, "memory": 3079, "step": 950}
{"lr": 0.019999999999999952, "data_time": 0.002715153694152832, "loss": 0.2590072802454233, "loss_rpn_cls": 0.15613475508987903, "loss_rpn_bbox": 0.1028725240775384, "time": 0.07082098484039306, "epoch": 1, "iter": 1000, "memory": 3080, "step": 1000}
{"lr": 0.019999999999999952, "data_time": 0.0026818513870239258, "loss": 0.28068248070776464, "loss_rpn_cls": 0.17229923967272043, "loss_rpn_bbox": 0.10838324130512773, "time": 0.0709785270690918, "epoch": 1, "iter": 1050, "memory": 3080, "step": 1050}
{"lr": 0.019999999999999952, "data_time": 0.002702345848083496, "loss": 0.2616055056452751, "loss_rpn_cls": 0.17108034521341323, "loss_rpn_bbox": 0.09052516026422382, "time": 0.07297216415405273, "epoch": 1, "iter": 1100, "memory": 3080, "step": 1100}
{"lr": 0.019999999999999952, "data_time": 0.0026371049880981445, "loss": 0.24926574870944024, "loss_rpn_cls": 0.15199588812887668, "loss_rpn_bbox": 0.09726986223831773, "time": 0.06853821277618408, "epoch": 1, "iter": 1150, "memory": 3079, "step": 1150}
{"lr": 0.019999999999999952, "data_time": 0.0026317071914672852, "loss": 0.24103185921907425, "loss_rpn_cls": 0.14563738971948623, "loss_rpn_bbox": 0.09539446922019124, "time": 0.06870264530181885, "epoch": 1, "iter": 1200, "memory": 3079, "step": 1200}
{"lr": 0.019999999999999952, "data_time": 0.0026057624816894533, "loss": 0.2345842632651329, "loss_rpn_cls": 0.14685729499906303, "loss_rpn_bbox": 0.08772696815431118, "time": 0.0682363748550415, "epoch": 1, "iter": 1250, "memory": 3079, "step": 1250}
{"lr": 0.019999999999999952, "data_time": 0.002633194923400879, "loss": 0.2191275554895401, "loss_rpn_cls": 0.12689757451415062, "loss_rpn_bbox": 0.09222998149693012, "time": 0.06852799892425537, "epoch": 1, "iter": 1300, "memory": 3080, "step": 1300}
{"lr": 0.019999999999999952, "data_time": 0.002634129524230957, "loss": 0.2085875680297613, "loss_rpn_cls": 0.12969080202281474, "loss_rpn_bbox": 0.0788967676460743, "time": 0.07022333145141602, "epoch": 1, "iter": 1350, "memory": 3080, "step": 1350}
{"lr": 0.019999999999999952, "data_time": 0.002826361656188965, "loss": 0.26194775208830834, "loss_rpn_cls": 0.1479784567654133, "loss_rpn_bbox": 0.11396929809823632, "time": 0.0695827579498291, "epoch": 1, "iter": 1400, "memory": 3079, "step": 1400}
{"lr": 0.019999999999999952, "data_time": 0.002616405487060547, "loss": 0.21265486620366572, "loss_rpn_cls": 0.12420234501361847, "loss_rpn_bbox": 0.08845252031460404, "time": 0.0686061716079712, "epoch": 1, "iter": 1450, "memory": 3080, "step": 1450}
{"lr": 0.019999999999999952, "data_time": 0.0025933551788330077, "loss": 0.21112193778157234, "loss_rpn_cls": 0.1237488218024373, "loss_rpn_bbox": 0.08737311635166406, "time": 0.07094911575317382, "epoch": 1, "iter": 1500, "memory": 3079, "step": 1500}
{"lr": 0.019999999999999952, "data_time": 0.0026780366897583008, "loss": 0.22705499716103078, "loss_rpn_cls": 0.13131679091602563, "loss_rpn_bbox": 0.0957382057979703, "time": 0.07105749607086181, "epoch": 1, "iter": 1550, "memory": 3079, "step": 1550}
{"lr": 0.019999999999999952, "data_time": 0.0026836729049682616, "loss": 0.23839332602918148, "loss_rpn_cls": 0.14801281899213792, "loss_rpn_bbox": 0.09038050685077906, "time": 0.0711486005783081, "epoch": 1,