{"aAcc": 90.58, "mIoU": 61.16, "mAcc": 71.81, "data_time": 0.0015467708895665518, "time": 0.4347866361432441}