{"aAcc": 11.57, "mIoU": 0.2, "mAcc": 0.84, "data_time": 0.0024205582141876222, "time": 5.164830245137215}