{"aAcc": 93.53, "mIoU": 67.93, "mAcc": 77.0, "data_time": 0.006557560443878173, "time": 1.1807133703231811}