{"aAcc": 96.03, "mIoU": 78.28, "mAcc": 85.45, "data_time": 0.005766319274902344, "time": 41.06308915519714}