{"aAcc": 96.11, "mIoU": 81.84, "mAcc": 91.57, "data_time": 0.0017717577326783153, "time": 0.24004095763975872}