{"aAcc": 75.38, "mIoU": 27.28, "mAcc": 40.27, "data_time": 0.006306505680084228, "time": 4.678537825584412}