{"aAcc": 7.88, "mIoU": 0.14, "mAcc": 0.98, "data_time": 0.002305484175682068, "time": 1.5620420829057693}