{"aAcc": 94.91, "mIoU": 69.1, "mAcc": 76.76, "data_time": 0.10644224214553832, "time": 0.276335684299469}