{"aAcc": 81.42, "mIoU": 45.45, "mAcc": 55.39, "data_time": 0.001712723731994629, "time": 0.20235984003543853}