{"aAcc": 88.21, "mIoU": 53.65, "mAcc": 60.1, "data_time": 0.004430102348327637, "time": 1.0562097764015197}