{"aAcc": 80.56, "mIoU": 44.38, "mAcc": 56.57, "data_time": 0.0016444536447525024, "time": 0.11166348910331726}