{"aAcc": 91.29, "mIoU": 52.98, "mAcc": 60.68, "data_time": 0.0062204298973083496, "time": 0.3100885500907898}