{"aAcc": 69.12, "mIoU": 31.65, "mAcc": 39.03, "data_time": 0.0034525227546691895, "time": 3.412751789808273}