{"aAcc": 87.85, "mIoU": 51.94, "mAcc": 58.66, "data_time": 0.001664137823816988, "time": 0.6600320033158328}