{"aAcc": 3.77, "mIoU": 0.06, "mAcc": 0.32, "data_time": 0.019942182898521423, "time": 0.7077728807926178}