{"aAcc": 82.38, "mIoU": 48.45, "mAcc": 61.95, "data_time": 0.015907115936279297, "time": 0.34048245394229887}