{"aAcc": 83.07, "mIoU": 51.04, "mAcc": 64.13, "data_time": 0.0024253733158111574, "time": 0.2545065906047821}