{"aAcc": 94.99, "mIoU": 74.59, "mAcc": 82.48, "data_time": 0.005969735145568847, "time": 0.842228009223938}