{"aAcc": 96.17, "mIoU": 77.86, "mAcc": 84.84, "data_time": 0.0048935704231262206, "time": 1.514275348186493}