{"aAcc": 67.97, "mIoU": 27.44, "mAcc": 35.82, "data_time": 0.0016870664358139037, "time": 0.8085408878326416}