{"aAcc": 80.68, "mIoU": 43.02, "mAcc": 66.6, "data_time": 0.015023018097861048, "time": 1.0291205765544504}