{"aAcc": 93.89, "mIoU": 73.04, "mAcc": 81.16, "data_time": 0.0016322275784362834, "time": 0.3577137485383049}