{"aAcc": 75.71, "mIoU": 34.61, "mAcc": 45.84, "data_time": 0.0019440618753433227, "time": 0.8079150546789169}