{"aAcc": 78.71, "mIoU": 42.16, "mAcc": 54.52, "data_time": 0.01735400354862213, "time": 4.481470006346703}