{"aAcc": 65.04, "mIoU": 24.34, "mAcc": 30.41, "data_time": 0.002039789915084839, "time": 0.552055918097496}