{"aAcc": 69.58, "mIoU": 31.28, "mAcc": 43.26, "data_time": 0.02066012716293335, "time": 8.621739322423934}