{"aAcc": 94.59, "mIoU": 76.46, "mAcc": 86.18, "data_time": 0.0020495236043357452, "time": 0.1812241334105624}