{"aAcc": 91.16, "mIoU": 63.45, "mAcc": 75.36, "data_time": 0.0025040955276963133, "time": 0.43811124764778764}