{"aAcc": 85.91, "mIoU": 56.08, "mAcc": 68.09, "data_time": 0.0022205368280410766, "time": 1.0285569347143173}