{"aAcc": 96.29, "mIoU": 79.84, "mAcc": 86.24, "data_time": 0.004611452579498291, "time": 0.5268021602630615}