{"aAcc": 82.29, "mIoU": 47.46, "mAcc": 60.81, "data_time": 0.0016535366773605346, "time": 0.12180155491828919}