{"aAcc": 60.5, "mIoU": 12.74, "mAcc": 18.13, "data_time": 0.001622131109237671, "time": 0.3102701327800751}