{"aAcc": 86.4, "mIoU": 52.67, "mAcc": 65.69, "data_time": 0.005129816532135009, "time": 6.104988759994507}