{"aAcc": 96.19, "mIoU": 78.46, "mAcc": 85.51, "data_time": 0.006047244071960449, "time": 36.63053423500061}