{"aAcc": 78.32, "mIoU": 39.25, "mAcc": 50.96, "data_time": 0.1381269164860542, "time": 0.28391771892021445}