{"aAcc": 83.66, "mIoU": 51.65, "mAcc": 64.35, "data_time": 0.0016666163206100464, "time": 0.27960287988185883}