{"aAcc": 95.58, "mIoU": 76.51, "mAcc": 85.15, "data_time": 0.004926682949066162, "time": 0.4999034261703491}