{"aAcc": 86.34, "mIoU": 52.39, "mAcc": 65.74, "data_time": 0.007315904140472412, "time": 6.508917870521546}