{"aAcc": 86.8, "mIoU": 44.64, "mAcc": 54.17, "data_time": 0.005320825099945068, "time": 0.7322508621215821}