{"aAcc": 79.49, "mIoU": 41.15, "mAcc": 51.29, "data_time": 0.002016122221946716, "time": 0.33883316576480865}