{"aAcc": 81.98, "mIoU": 46.71, "mAcc": 57.79, "data_time": 0.0016501109600067139, "time": 0.27674050199985506}