{"aAcc": 88.49, "mIoU": 62.06, "mAcc": 71.98, "data_time": 0.004625947952270508, "time": 0.4908639874458313}