{"aAcc": 72.84, "mIoU": 37.03, "mAcc": 60.79, "data_time": 0.016014488422928224, "time": 4.66658079451409}