{"aAcc": 93.89, "mIoU": 67.21, "mAcc": 77.74, "data_time": 0.00831550931930542, "time": 0.7670587396621704}