{"aAcc": 82.98, "mIoU": 52.88, "mAcc": 65.02, "data_time": 0.0016155165433883666, "time": 0.4400921984910965}