{"aAcc": 86.27, "mIoU": 52.18, "mAcc": 65.41, "data_time": 0.0046127338409423825, "time": 5.823287035942077}