{"aAcc": 74.26, "mIoU": 33.41, "mAcc": 43.64, "data_time": 0.00620874834060669, "time": 1.727259132385254}