{"aAcc": 94.07, "mIoU": 74.0, "mAcc": 81.9, "data_time": 0.0014997114388180899, "time": 0.42954006385934856}