{"aAcc": 93.65, "mIoU": 69.19, "mAcc": 78.99, "data_time": 0.00491852331161499, "time": 0.42978624391555786}