{"aAcc": 93.6, "mIoU": 70.86, "mAcc": 80.09, "data_time": 0.0031849145066581816, "time": 1.1919752623477091}