{"aAcc": 94.99, "mIoU": 71.16, "mAcc": 79.87, "data_time": 0.005636817932128906, "time": 39.043196316242216}