{"aAcc": 0.01, "mIoU": 0.0, "mAcc": 0.01, "data_time": 0.013608922481536865, "time": 5.542487569570541}