{"aAcc": 87.04, "mIoU": 44.35, "mAcc": 53.55, "data_time": 0.00501064395904541, "time": 1.8769188389778138}