{"aAcc": 79.27, "mIoU": 40.31, "mAcc": 49.92, "data_time": 0.0022840261459350585, "time": 0.313487619638443}