{"aAcc": 93.91, "mIoU": 68.64, "mAcc": 78.8, "data_time": 0.0051988158226013185, "time": 0.5333403182029725}