{"aAcc": 56.44, "mIoU": 17.46, "mAcc": 24.72, "data_time": 0.006160709381103515, "time": 4.7000939860343935}