{"aAcc": 51.95, "mIoU": 34.79, "mAcc": 46.49, "data_time": 0.0053132157325744625, "time": 0.20512010526657104}