{"aAcc": 95.87, "mIoU": 77.96, "mAcc": 86.08, "data_time": 0.005067089080810547, "time": 0.48444955205917356}