{"aAcc": 41.14, "mIoU": 6.75, "mAcc": 10.44, "data_time": 0.0017170953750610353, "time": 0.3396254299879074}