{"aAcc": 94.4, "mIoU": 75.28, "mAcc": 84.33, "data_time": 0.001590149414136214, "time": 0.4999062648059748}