{"aAcc": 74.45, "mIoU": 35.36, "mAcc": 44.11, "data_time": 0.0015980876684188842, "time": 0.33918393552303316}