{"aAcc": 96.69, "mIoU": 82.06, "mAcc": 88.6, "data_time": 0.004537036895751953, "time": 1.4589271426200867}