{"aAcc": 81.47, "mIoU": 46.9, "mAcc": 62.11, "data_time": 0.006063237190246582, "time": 0.28429978036880493}