{"aAcc": 92.99, "mIoU": 70.18, "mAcc": 77.98, "data_time": 0.0015776593410368209, "time": 0.4376751973433195}