{"aAcc": 87.71, "mIoU": 48.54, "mAcc": 60.53, "data_time": 0.006908461093902588, "time": 0.62993954372406}