{"aAcc": 72.74, "mIoU": 29.67, "mAcc": 37.59, "data_time": 0.0035424466133117676, "time": 0.2433826894760132}