{"aAcc": 54.29, "mIoU": 10.5, "mAcc": 15.62, "data_time": 0.001733445405960083, "time": 1.2361242814064026}