{"aAcc": 73.15, "mIoU": 34.33, "mAcc": 45.69, "data_time": 0.0022696521282196047, "time": 1.243265479683876}