{"aAcc": 88.29, "mIoU": 46.17, "mAcc": 55.31, "data_time": 0.004634640216827393, "time": 4.725752617359161}