{"aAcc": 79.85, "mIoU": 37.59, "mAcc": 53.58, "data_time": 0.0020551888839058256, "time": 0.787351467923677}