{"aAcc": 78.51, "mIoU": 32.34, "mAcc": 41.62, "data_time": 0.01574616289138794, "time": 1.3430074462890624}