{"aAcc": 80.97, "mIoU": 45.07, "mAcc": 57.0, "data_time": 0.0019809932708740236, "time": 0.19906095671653748}