{"aAcc": 95.1, "mIoU": 73.79, "mAcc": 82.32, "data_time": 0.014872265338897706, "time": 41.34435749340057}