{"aAcc": 95.09, "mIoU": 78.58, "mAcc": 88.44, "data_time": 0.0020143084068640583, "time": 0.9519516092238548}