{"aAcc": 83.85, "mIoU": 52.3, "mAcc": 63.91, "data_time": 0.0016016966104507445, "time": 0.26287557911872866}