{"aAcc": 83.81, "mIoU": 51.05, "mAcc": 61.7, "data_time": 0.0022739626169204713, "time": 0.5025783951282501}