{"aAcc": 81.52, "mIoU": 46.08, "mAcc": 56.48, "data_time": 0.0016456243991851806, "time": 0.12966895759105682}