{"aAcc": 95.17, "mIoU": 78.43, "mAcc": 86.34, "data_time": 0.0019289501129634797, "time": 0.4100583838626711}