{"aAcc": 95.98, "mIoU": 78.18, "mAcc": 86.75, "data_time": 0.004689684867858887, "time": 0.6546031422615052}