{"aAcc": 37.66, "mIoU": 1.98, "mAcc": 5.26, "data_time": 0.004649425506591797, "time": 0.2170766339302063}