{"aAcc": 85.93, "mIoU": 51.71, "mAcc": 64.6, "data_time": 0.06463948726654052, "time": 0.22431338787078858}