{"aAcc": 96.02, "mIoU": 78.29, "mAcc": 85.43, "data_time": 0.0051177401542663575, "time": 37.19888073778152}