{"aAcc": 71.54, "mIoU": 29.46, "mAcc": 40.81, "data_time": 0.0026663998365402224, "time": 1.4359714308977127}