{"aAcc": 73.09, "mIoU": 35.58, "mAcc": 48.02, "data_time": 0.031450796008110044, "time": 6.357135036110878}