{"aAcc": 95.72, "mIoU": 77.03, "mAcc": 84.51, "data_time": 0.004563558101654053, "time": 0.42357028770446775}