{"aAcc": 82.76, "mIoU": 48.72, "mAcc": 60.13, "data_time": 0.016729920387268067, "time": 0.7209447441101074}