{"aAcc": 93.89, "mIoU": 73.04, "mAcc": 81.16, "data_time": 0.0015050352977176136, "time": 0.4091439219159534}