{"aAcc": 70.69, "mIoU": 32.16, "mAcc": 43.39, "data_time": 0.021557759523391725, "time": 6.762443768024444}