{"aAcc": 95.3, "mIoU": 75.11, "mAcc": 81.9, "data_time": 0.004605571269989014, "time": 0.4899849648475647}