{"aAcc": 49.91, "mIoU": 35.48, "mAcc": 44.42, "data_time": 0.00462660551071167, "time": 0.3523945498466492}