{"aAcc": 95.8, "mIoU": 76.53, "mAcc": 83.7, "data_time": 0.00463654899597168, "time": 1.023079173564911}