{"aAcc": 83.63, "mIoU": 56.56, "mAcc": 66.69, "data_time": 0.004543243408203125, "time": 0.48989793920516966}