{"aAcc": 93.94, "mIoU": 71.24, "mAcc": 79.36, "data_time": 0.004423134326934815, "time": 0.4747387585639954}