{"aAcc": 93.61, "mIoU": 71.56, "mAcc": 79.49, "data_time": 0.005072767734527588, "time": 0.5996695189476013}