{"aAcc": 78.03, "mIoU": 37.59, "mAcc": 47.19, "data_time": 0.004889095067977905, "time": 7.247039492607117}