{"aAcc": 96.89, "mIoU": 82.5, "mAcc": 88.17, "data_time": 0.005768877983093262, "time": 0.9965405116081237}