{"aAcc": 75.98, "mIoU": 38.67, "mAcc": 51.06, "data_time": 0.018631393551826476, "time": 4.774156145095825}