{"aAcc": 96.59, "mIoU": 81.64, "mAcc": 88.07, "data_time": 0.004454605579376221, "time": 0.6159232411384582}