{"aAcc": 79.84, "mIoU": 43.53, "mAcc": 53.27, "data_time": 0.0016575889587402343, "time": 0.22058315074443818}