{"aAcc": 95.61, "mIoU": 76.04, "mAcc": 86.48, "data_time": 0.006512167930603027, "time": 5.697065509319305}