{"aAcc": 72.47, "mIoU": 33.68, "mAcc": 44.89, "data_time": 0.03918566763401032, "time": 6.5439592580795285}