{"aAcc": 94.45, "mIoU": 75.47, "mAcc": 82.83, "data_time": 0.0018982755636000649, "time": 0.3975261950838393}