{"aAcc": 93.6, "mIoU": 72.59, "mAcc": 82.33, "data_time": 0.0016091156203307474, "time": 0.4288401272973165}