{"aAcc": 77.89, "mIoU": 41.18, "mAcc": 53.65, "data_time": 0.017605562925338745, "time": 4.3500458714962}