{"aAcc": 69.22, "mIoU": 33.12, "mAcc": 41.14, "data_time": 0.00253463339805603, "time": 5.063643447637558}