{"aAcc": 88.13, "mIoU": 49.18, "mAcc": 57.37, "data_time": 0.004723643302917481, "time": 0.3960144205093384}