{"aAcc": 77.74, "mIoU": 41.93, "mAcc": 53.75, "data_time": 0.0016334205865859985, "time": 1.0481143461465836}