{"aAcc": 84.89, "mIoU": 55.76, "mAcc": 68.16, "data_time": 0.0020022927522659302, "time": 1.1262925250530242}