{"aAcc": 85.0, "mIoU": 44.24, "mAcc": 55.23, "data_time": 0.005191095352172851, "time": 1.6177981824874879}