{"aAcc": 95.54, "mIoU": 80.41, "mAcc": 89.23, "data_time": 0.0021026109809954468, "time": 0.28182641385422647}