{"aAcc": 94.22, "mIoU": 74.46, "mAcc": 84.62, "data_time": 0.0016378137142268273, "time": 0.41316613910772454}