{"aAcc": 68.6, "mIoU": 40.28, "mAcc": 58.11, "data_time": 0.11536304230959911, "time": 3.9338857610270663}