{"aAcc": 78.75, "mIoU": 41.76, "mAcc": 54.98, "data_time": 0.0020369240045547484, "time": 0.8270710402727127}