{"aAcc": 81.4, "mIoU": 46.13, "mAcc": 57.71, "data_time": 0.001626643180847168, "time": 0.2291159461736679}