{"aAcc": 81.71, "mIoU": 46.61, "mAcc": 57.57, "data_time": 0.001656934380531311, "time": 0.18189585828781127}