{"aAcc": 87.1, "mIoU": 43.47, "mAcc": 52.81, "data_time": 0.004772468090057373, "time": 4.6041528210639955}