{"aAcc": 82.6, "mIoU": 50.01, "mAcc": 63.7, "data_time": 0.0020685428380966186, "time": 0.2829501978158951}