{"aAcc": 96.15, "mIoU": 78.45, "mAcc": 85.3, "data_time": 0.005626179695129394, "time": 0.5063384165763855}