{"aAcc": 95.35, "mIoU": 73.97, "mAcc": 80.62, "data_time": 0.007987896919250488, "time": 0.28679296875}