{"aAcc": 73.21, "mIoU": 28.83, "mAcc": 37.6, "data_time": 0.0140767183303833, "time": 0.5403119792938232}