{"aAcc": 94.37, "mIoU": 72.8, "mAcc": 83.37, "data_time": 0.07872740507125854, "time": 4.451475541591645}