{"aAcc": 95.3, "mIoU": 73.44, "mAcc": 80.59, "data_time": 0.004670829772949219, "time": 0.1607859969139099}