{"aAcc": 74.54, "mIoU": 27.06, "mAcc": 39.6, "data_time": 0.006696260929107666, "time": 4.593056677341461}