{"aAcc": 94.91, "mIoU": 69.1, "mAcc": 76.76, "data_time": 0.008421341896057128, "time": 0.2770097198486328}