{"aAcc": 95.07, "mIoU": 78.72, "mAcc": 88.33, "data_time": 0.0018885910634421907, "time": 0.1497800156031912}