{"aAcc": 91.98, "mIoU": 55.82, "mAcc": 66.08, "data_time": 0.006341248512268066, "time": 5.928572834968567}