{"aAcc": 94.22, "mIoU": 74.46, "mAcc": 84.62, "data_time": 0.0019660644320638695, "time": 0.4871888376253074}