{"aAcc": 74.54, "mIoU": 27.06, "mAcc": 39.6, "data_time": 0.004753613471984863, "time": 3.873574162006378}