{"aAcc": 80.64, "mIoU": 44.33, "mAcc": 56.77, "data_time": 0.0015671305656433105, "time": 0.2611567140817642}