{"aAcc": 94.19, "mIoU": 68.36, "mAcc": 77.76, "data_time": 0.11921976232528686, "time": 20.883683520793916}