{"aAcc": 75.15, "mIoU": 38.26, "mAcc": 52.42, "data_time": 0.002024845480918884, "time": 1.619753039240837}