{"aAcc": 78.59, "mIoU": 38.92, "mAcc": 49.0, "data_time": 0.017549246788024903, "time": 0.6143494399785996}