{"aAcc": 83.1, "mIoU": 40.51, "mAcc": 58.07, "data_time": 0.0022588139817663684, "time": 1.2408807132884172}