{"aAcc": 94.76, "mIoU": 75.79, "mAcc": 83.27, "data_time": 0.0020954738903901263, "time": 0.5331590430665789}