{"aAcc": 84.99, "mIoU": 42.83, "mAcc": 48.69, "data_time": 0.005024315357208252, "time": 0.391736177444458}