{"aAcc": 82.78, "mIoU": 50.12, "mAcc": 63.42, "data_time": 0.0021812808513641357, "time": 0.2533827736377716}