{"aAcc": 77.8, "mIoU": 48.34, "mAcc": 60.86, "data_time": 0.004584276199340821, "time": 0.20607946348190306}