{"aAcc": 94.45, "mIoU": 73.94, "mAcc": 81.7, "data_time": 0.17564744997024537, "time": 0.6401731219291688}