{"aAcc": 67.3, "mIoU": 27.73, "mAcc": 39.1, "data_time": 0.0170376273393631, "time": 1.823258423089981}