{"aAcc": 88.32, "mIoU": 47.9, "mAcc": 57.19, "data_time": 0.005343255043029785, "time": 1.2382385258674622}