{"aAcc": 82.15, "mIoU": 48.39, "mAcc": 62.1, "data_time": 0.12537599182128906, "time": 7.001733642578125}