{"aAcc": 94.68, "mIoU": 76.59, "mAcc": 86.47, "data_time": 0.002011777451319724, "time": 0.25656571085490876}