{"aAcc": 59.54, "mIoU": 19.38, "mAcc": 26.35, "data_time": 0.0027735815048217775, "time": 1.0430779480934143}