{"aAcc": 1.41, "mIoU": 0.29, "mAcc": 0.95, "data_time": 0.12461597490310669, "time": 20.815112982273103}