{"aAcc": 42.86, "mIoU": 13.19, "mAcc": 17.38, "data_time": 0.007535165309906006, "time": 0.6889797425270081}