{"aAcc": 83.58, "mIoU": 49.17, "mAcc": 63.58, "data_time": 0.13298538400621837, "time": 0.4540172674385785}