{"aAcc": 79.93, "mIoU": 25.12, "mAcc": 34.66, "data_time": 0.0021314787157162706, "time": 0.5206956475088726}