{"aAcc": 82.15, "mIoU": 47.55, "mAcc": 60.67, "data_time": 0.03422488939762115, "time": 0.27798552966117857}