{"aAcc": 5.11, "mIoU": 1.16, "mAcc": 4.87, "data_time": 0.028027402852797523, "time": 8.842672130665012}