{"aAcc": 93.83, "mIoU": 68.89, "mAcc": 76.71, "data_time": 0.005858915328979492, "time": 2.2863820133209227}