{"aAcc": 76.94, "mIoU": 44.21, "mAcc": 58.26, "data_time": 0.0017285308837890626, "time": 1.2800731661319733}