{"aAcc": 95.61, "mIoU": 75.95, "mAcc": 83.5, "data_time": 0.004994072914123535, "time": 38.97853787136078}