{"aAcc": 95.47, "mIoU": 75.02, "mAcc": 83.19, "data_time": 0.007691886425018311, "time": 39.592302013397216}