{"aAcc": 93.64, "mIoU": 68.16, "mAcc": 76.7, "data_time": 0.004917939662933349, "time": 2.02355735874176}