{"aAcc": 94.69, "mIoU": 76.01, "mAcc": 83.29, "data_time": 0.0016983234939943765, "time": 0.39975944019499277}