{"aAcc": 94.58, "mIoU": 70.98, "mAcc": 78.08, "data_time": 0.004578526020050049, "time": 0.35860602045059203}