{"aAcc": 40.35, "mIoU": 4.61, "mAcc": 7.63, "data_time": 0.001744855046272278, "time": 0.9492235169410705}