{"aAcc": 76.4, "mIoU": 34.95, "mAcc": 45.15, "data_time": 0.0015802713632583618, "time": 0.1337835566997528}