{"base_lr": 4.9058558558558554e-05, "lr": 5.394045557706497e-06, "data_time": 0.031220731735229493, "loss": 0.3771142981946468, "loss_rpn_cls": 0.334775807261467, "loss_rpn_bbox": 0.04233848951756954, "time": 9.812953596115113, "epoch": 1, "iter": 50, "memory": 24696, "step": 50}
