{"aAcc": 94.33, "mIoU": 66.54, "mAcc": 74.49, "data_time": 0.005175117015838623, "time": 0.2920163803100586}