{"aAcc": 68.71, "mIoU": 30.34, "mAcc": 42.23, "data_time": 0.01743677031993866, "time": 6.834659151792526}