{"aAcc": 6.88, "mIoU": 0.51, "mAcc": 1.92, "data_time": 0.11809974431991577, "time": 18.27147811937332}