{"aAcc": 37.66, "mIoU": 1.98, "mAcc": 5.26, "data_time": 0.01919580602645874, "time": 41.79776758289337}