{"aAcc": 95.78, "mIoU": 77.36, "mAcc": 84.5, "data_time": 0.004596055030822754, "time": 0.6009855999946594}