{"aAcc": 84.08, "mIoU": 41.51, "mAcc": 59.44, "data_time": 0.0021166863977867953, "time": 0.2904045112878393}