{"aAcc": 95.62, "mIoU": 80.49, "mAcc": 89.19, "data_time": 0.0018955511089190687, "time": 0.15940301232374152}