{"aAcc": 81.75, "mIoU": 45.24, "mAcc": 57.95, "data_time": 0.001984921097755432, "time": 0.3331514538526535}