{"aAcc": 94.38, "mIoU": 74.87, "mAcc": 82.79, "data_time": 0.001739911328849503, "time": 0.3473294654988354}