{"aAcc": 96.53, "mIoU": 81.25, "mAcc": 87.99, "data_time": 0.005797210693359375, "time": 0.43783897638320923}