{"aAcc": 89.38, "mIoU": 55.38, "mAcc": 67.05, "data_time": 0.06484599828720093, "time": 0.2380434226989746}