{"aAcc": 77.59, "mIoU": 42.82, "mAcc": 55.73, "data_time": 0.0026571836471557617, "time": 2.0490056210756302}