{"aAcc": 89.88, "mIoU": 59.36, "mAcc": 70.41, "data_time": 0.0018148226438513125, "time": 0.36289555356780606}