{"aAcc": 69.88, "mIoU": 31.6, "mAcc": 43.46, "data_time": 0.017304874181747438, "time": 4.982726468563079}