{"aAcc": 80.7, "mIoU": 36.83, "mAcc": 51.04, "data_time": 0.007409250736236573, "time": 4.393350619792939}