{"aAcc": 81.16, "mIoU": 32.03, "mAcc": 44.67, "data_time": 0.0018429718320331877, "time": 1.2380666237522437}