{"aAcc": 90.03, "mIoU": 63.07, "mAcc": 79.53, "data_time": 0.014953645366566027, "time": 4.516670463330339}