{"aAcc": 81.13, "mIoU": 44.6, "mAcc": 55.3, "data_time": 0.0017707853317260743, "time": 6.308442276597023}