{"aAcc": 75.79, "mIoU": 40.96, "mAcc": 55.52, "data_time": 0.005041489005088806, "time": 1.2902071657180787}