{"aAcc": 96.47, "mIoU": 80.23, "mAcc": 86.84, "data_time": 0.006208215236663818, "time": 1.3231075339317322}