{"aAcc": 95.54, "mIoU": 80.27, "mAcc": 89.28, "data_time": 0.0017256391221198483, "time": 0.3097586376737775}