{"aAcc": 84.7, "mIoU": 54.11, "mAcc": 64.85, "data_time": 0.00389400041103363, "time": 6.808215692162514}