{"aAcc": 93.84, "mIoU": 65.48, "mAcc": 76.13, "data_time": 0.004862988471984863, "time": 1.401598843574524}