{"aAcc": 80.11, "mIoU": 43.25, "mAcc": 53.81, "data_time": 0.0018359587192535401, "time": 0.20176406931877136}