{"aAcc": 86.85, "mIoU": 44.15, "mAcc": 53.92, "data_time": 0.0058007268905639646, "time": 1.7692887697219848}