{"aAcc": 9.31, "mIoU": 1.32, "mAcc": 3.06, "data_time": 0.04957389438152313, "time": 4.633996183037758}