{"aAcc": 70.62, "mIoU": 33.17, "mAcc": 42.2, "data_time": 0.0031829354763031007, "time": 4.601966074347496}