{"aAcc": 85.06, "mIoU": 43.71, "mAcc": 55.79, "data_time": 0.0016386502360047103, "time": 1.0574628913542417}