{"aAcc": 79.03, "mIoU": 40.07, "mAcc": 50.38, "data_time": 0.0035173317193984985, "time": 6.833577439308167}