{"aAcc": 82.08, "mIoU": 47.2, "mAcc": 58.82, "data_time": 0.0016776975393295289, "time": 0.09323221898078918}