{"aAcc": 95.93, "mIoU": 81.83, "mAcc": 90.05, "data_time": 0.001872426152147039, "time": 0.11097683291175268}