{"aAcc": 95.51, "mIoU": 75.1, "mAcc": 83.32, "data_time": 0.007378437042236328, "time": 5.949563281536102}