{"aAcc": 96.0, "mIoU": 78.21, "mAcc": 85.02, "data_time": 0.004602488040924072, "time": 0.5387802810668946}