{"aAcc": 12.64, "mIoU": 0.3, "mAcc": 1.45, "data_time": 0.002209245204925537, "time": 1.7889642696380614}