{"aAcc": 81.62, "mIoU": 45.27, "mAcc": 56.08, "data_time": 0.001531225800514221, "time": 0.2873589205741882}