{"aAcc": 85.77, "mIoU": 55.48, "mAcc": 66.99, "data_time": 0.0024391634464263918, "time": 0.7890775797367096}