{"aAcc": 0.44, "mIoU": 0.2, "mAcc": 1.43, "data_time": 0.015206634792646431, "time": 4.485250185900018}