{"aAcc": 37.8, "mIoU": 2.02, "mAcc": 5.3, "data_time": 0.004761300563812256, "time": 0.24351885557174682}