{"aAcc": 94.65, "mIoU": 75.78, "mAcc": 84.51, "data_time": 0.0014753035630251804, "time": 0.4035848105175895}