{"aAcc": 92.12, "mIoU": 55.16, "mAcc": 62.93, "data_time": 0.004622732639312744, "time": 0.1978822956085205}