{"aAcc": 88.24, "mIoU": 54.06, "mAcc": 67.46, "data_time": 0.10006226348876954, "time": 9.546376194000244}