{"aAcc": 94.99, "mIoU": 74.59, "mAcc": 82.48, "data_time": 0.0044425039291381835, "time": 0.8300768966674805}