{"aAcc": 79.15, "mIoU": 40.07, "mAcc": 49.49, "data_time": 0.0033341745138168333, "time": 6.838184506773949}