{"aAcc": 72.95, "mIoU": 30.76, "mAcc": 41.89, "data_time": 0.0023063218593597414, "time": 1.1599763822555542}