{"aAcc": 95.78, "mIoU": 80.68, "mAcc": 89.58, "data_time": 0.001855445286584279, "time": 0.23363346819880915}