{"aAcc": 52.66, "mIoU": 11.17, "mAcc": 15.94, "data_time": 0.005393418788909912, "time": 1.0371666254997254}