{"aAcc": 54.48, "mIoU": 24.18, "mAcc": 40.66, "data_time": 0.11063935171883062, "time": 3.4224190329605677}