{"aAcc": 96.61, "mIoU": 81.6, "mAcc": 87.91, "data_time": 0.004508755683898926, "time": 0.4332305088043213}