{"aAcc": 92.44, "mIoU": 65.36, "mAcc": 74.81, "data_time": 0.004968724250793457, "time": 0.3997116827964783}