{"aAcc": 0.29, "mIoU": 0.09, "mAcc": 0.19, "data_time": 0.029875645518302917, "time": 22.463831306934356}