{"aAcc": 64.83, "mIoU": 22.25, "mAcc": 28.35, "data_time": 0.0025626108646392824, "time": 0.5845868837833404}