{"aAcc": 0.72, "mIoU": 0.07, "mAcc": 0.23, "data_time": 0.013639239311218262, "time": 5.595392455816269}