{"aAcc": 75.59, "mIoU": 39.58, "mAcc": 62.56, "data_time": 0.015946236703213205, "time": 4.546687999702964}