{"aAcc": 93.91, "mIoU": 73.67, "mAcc": 82.76, "data_time": 0.001841513348744605, "time": 0.12127601220082875}