{"aAcc": 87.79, "mIoU": 49.82, "mAcc": 56.98, "data_time": 0.002285859599616957, "time": 0.6494658009770659}