{"aAcc": 84.73, "mIoU": 54.28, "mAcc": 65.01, "data_time": 0.0017493449449539184, "time": 7.085875500082969}