{"aAcc": 82.1, "mIoU": 47.08, "mAcc": 57.89, "data_time": 0.005444241523742676, "time": 0.20087747049331664}