{"aAcc": 84.05, "mIoU": 39.74, "mAcc": 52.9, "data_time": 0.005265626907348633, "time": 6.596104597091675}