{"aAcc": 9.5, "mIoU": 0.29, "mAcc": 1.29, "data_time": 0.0030244899988174437, "time": 1.271616648554802}