{"aAcc": 74.94, "mIoU": 37.74, "mAcc": 49.26, "data_time": 0.0016932915449142457, "time": 0.9022075862884521}