{"aAcc": 79.66, "mIoU": 40.7, "mAcc": 50.62, "data_time": 0.0020434727668762207, "time": 0.4556365327835083}