{"aAcc": 59.28, "mIoU": 22.01, "mAcc": 29.66, "data_time": 0.013514159202575683, "time": 0.4232402997016907}