{"aAcc": 96.72, "mIoU": 82.46, "mAcc": 88.68, "data_time": 0.0049373478889465335, "time": 1.3465709357261657}