{"aAcc": 84.14, "mIoU": 51.38, "mAcc": 66.29, "data_time": 0.005819217205047607, "time": 0.30725446462631223}