{"aAcc": 82.65, "mIoU": 47.97, "mAcc": 60.03, "data_time": 0.0016686888933181764, "time": 0.0987290403842926}