{"aAcc": 90.98, "mIoU": 63.56, "mAcc": 76.59, "data_time": 0.0016621001594390764, "time": 0.4156128904422947}