{"aAcc": 78.24, "mIoU": 39.1, "mAcc": 50.28, "data_time": 0.0019956936836242676, "time": 1.0051286044120789}