{"aAcc": 95.57, "mIoU": 80.23, "mAcc": 88.86, "data_time": 0.0018325646718343098, "time": 0.28073718203932274}