{"aAcc": 91.29, "mIoU": 52.98, "mAcc": 60.68, "data_time": 0.00449379825592041, "time": 0.30190046548843386}