{"aAcc": 72.53, "mIoU": 33.12, "mAcc": 43.68, "data_time": 0.00280917489528656, "time": 1.329223726272583}