{"aAcc": 51.06, "mIoU": 15.8, "mAcc": 26.72, "data_time": 0.019410106778144837, "time": 19.553381779670715}