{"aAcc": 85.73, "mIoU": 56.93, "mAcc": 68.98, "data_time": 0.0015394265651702882, "time": 0.43082984745502473}