{"aAcc": 93.89, "mIoU": 73.04, "mAcc": 81.16, "data_time": 0.0015381154230827295, "time": 0.354389048346657}