{"aAcc": 2.39, "mIoU": 0.46, "mAcc": 1.61, "data_time": 0.002331879496574402, "time": 1.175597331404686}