{"aAcc": 77.51, "mIoU": 38.83, "mAcc": 48.76, "data_time": 0.0023954439163208006, "time": 0.332147527217865}