{"aAcc": 96.77, "mIoU": 82.46, "mAcc": 88.43, "data_time": 0.005091642856597901, "time": 1.3436539812088013}