{"aAcc": 81.45, "mIoU": 47.17, "mAcc": 58.61, "data_time": 0.010181742906570434, "time": 1.295603827238083}