{"aAcc": 22.8, "mIoU": 3.36, "mAcc": 7.81, "data_time": 0.10001403284072875, "time": 9.538047852039337}