{"aAcc": 92.53, "mIoU": 62.87, "mAcc": 72.12, "data_time": 0.0052167105674743655, "time": 0.5761902775764466}