{"aAcc": 70.64, "mIoU": 32.03, "mAcc": 43.68, "data_time": 0.02116979205608368, "time": 6.644160940885544}