{"aAcc": 93.89, "mIoU": 73.04, "mAcc": 81.16, "data_time": 0.0014835504764849107, "time": 0.4214178619095175}