{"aAcc": 91.55, "mIoU": 65.26, "mAcc": 75.53, "data_time": 0.0017365178541942988, "time": 0.13598584157997695}