{"aAcc": 93.29, "mIoU": 69.73, "mAcc": 77.66, "data_time": 0.002356631415230887, "time": 7.408859139726111}