{"aAcc": 84.29, "mIoU": 42.86, "mAcc": 57.27, "data_time": 0.007460910320281983, "time": 6.216248113155365}