{"aAcc": 96.1, "mIoU": 79.37, "mAcc": 87.07, "data_time": 0.006191567420959472, "time": 0.4806854043006897}