{"aAcc": 92.98, "mIoU": 72.46, "mAcc": 84.93, "data_time": 0.0019136832614369522, "time": 1.076296489431251}