{"aAcc": 95.1, "mIoU": 73.3, "mAcc": 84.76, "data_time": 0.06827551364898682, "time": 4.170820806026459}