{"aAcc": 82.08, "mIoU": 47.2, "mAcc": 58.82, "data_time": 0.0016239882707595825, "time": 0.09289395844936371}