{"aAcc": 95.2, "mIoU": 74.93, "mAcc": 85.36, "data_time": 0.01321005392074585, "time": 38.99746935415268}