{"aAcc": 71.58, "mIoU": 26.87, "mAcc": 33.61, "data_time": 0.0025072320699691775, "time": 0.34923799550533297}