{"aAcc": 27.05, "mIoU": 5.79, "mAcc": 11.42, "data_time": 0.0059152464866638185, "time": 0.4291187620162964}