{"aAcc": 78.63, "mIoU": 41.79, "mAcc": 52.39, "data_time": 0.0016237105131149292, "time": 0.31374224495887754}