{"aAcc": 95.29, "mIoU": 73.21, "mAcc": 81.41, "data_time": 0.006492313861846924, "time": 5.1699839859008785}