{"aAcc": 74.49, "mIoU": 36.63, "mAcc": 51.15, "data_time": 0.0016436314582824708, "time": 1.0071844522953033}