{"aAcc": 93.75, "mIoU": 72.87, "mAcc": 83.54, "data_time": 0.0015905566508396484, "time": 0.44664007536372785}