{"aAcc": 83.15, "mIoU": 51.45, "mAcc": 63.16, "data_time": 0.001593709111213684, "time": 0.6496708666086197}