{"aAcc": 94.39, "mIoU": 75.27, "mAcc": 83.95, "data_time": 0.0016486537793819619, "time": 0.4872281773490195}