{"aAcc": 71.4, "mIoU": 32.99, "mAcc": 44.63, "data_time": 0.017771833658218383, "time": 8.501550407767295}