{"aAcc": 92.53, "mIoU": 63.21, "mAcc": 72.55, "data_time": 0.006947119235992432, "time": 0.6178556966781616}