{"aAcc": 94.41, "mIoU": 71.32, "mAcc": 78.91, "data_time": 0.0046867990493774415, "time": 1.1456887640953064}