{"aAcc": 91.0, "mIoU": 64.8, "mAcc": 73.06, "data_time": 0.067098970413208, "time": 4.75311292886734}