{"aAcc": 72.83, "mIoU": 34.55, "mAcc": 48.78, "data_time": 0.001660900354385376, "time": 1.0432450394630433}