{"aAcc": 20.98, "mIoU": 3.79, "mAcc": 9.01, "data_time": 0.11342371606826782, "time": 16.343200351238252}