{"aAcc": 81.61, "mIoU": 45.9, "mAcc": 57.39, "data_time": 0.0017123817205429077, "time": 0.2124741952419281}