{"aAcc": 79.97, "mIoU": 43.76, "mAcc": 56.74, "data_time": 0.001933639407157898, "time": 0.8827002238035202}