{"aAcc": 8.92, "mIoU": 0.07, "mAcc": 0.67, "data_time": 0.00253121280670166, "time": 3.4620792927742006}