{"aAcc": 94.83, "mIoU": 76.69, "mAcc": 84.81, "data_time": 0.0015965544659158459, "time": 0.5570953129241185}