{"aAcc": 77.02, "mIoU": 38.62, "mAcc": 48.34, "data_time": 0.001674465537071228, "time": 0.35950733029842374}