{"aAcc": 84.63, "mIoU": 43.12, "mAcc": 56.06, "data_time": 0.0019328618888776001, "time": 1.0848718523732377}