{"aAcc": 81.28, "mIoU": 43.98, "mAcc": 56.98, "data_time": 0.14110665779395642, "time": 0.324368807482602}