{"aAcc": 83.18, "mIoU": 50.16, "mAcc": 61.17, "data_time": 0.0017855944633483887, "time": 6.99092005264759}