{"aAcc": 81.2, "mIoU": 47.15, "mAcc": 60.71, "data_time": 0.0024452334642410278, "time": 0.2596908634901047}