{"aAcc": 50.64, "mIoU": 9.22, "mAcc": 13.66, "data_time": 0.005279625415802002, "time": 0.5936949601173401}