{"aAcc": 86.11, "mIoU": 51.47, "mAcc": 65.04, "data_time": 0.004710557460784912, "time": 5.9084604501724245}