{"aAcc": 81.68, "mIoU": 42.13, "mAcc": 66.98, "data_time": 0.001814035319558006, "time": 0.4699057458268107}