{"aAcc": 52.67, "mIoU": 20.78, "mAcc": 26.12, "data_time": 0.004929756164550781, "time": 1.7638509011268615}