{"aAcc": 91.52, "mIoU": 67.15, "mAcc": 78.75, "data_time": 0.0015946003878996896, "time": 1.3250203970138412}