{"aAcc": 81.92, "mIoU": 31.3, "mAcc": 41.17, "data_time": 0.0023592151881416065, "time": 0.28730789129284845}