{"aAcc": 90.79, "mIoU": 59.86, "mAcc": 69.01, "data_time": 0.004515851974487305, "time": 1.7958849601745606}