{"aAcc": 42.73, "mIoU": 13.08, "mAcc": 17.29, "data_time": 0.007011915683746338, "time": 0.6557352967262268}