{"aAcc": 83.53, "mIoU": 51.17, "mAcc": 63.64, "data_time": 0.0030342066287994385, "time": 0.2721714094877243}