{"aAcc": 94.71, "mIoU": 76.26, "mAcc": 84.32, "data_time": 0.0015224969494005496, "time": 0.3862030917484239}