{"aAcc": 0.93, "mIoU": 0.21, "mAcc": 0.45, "data_time": 0.12117895936965942, "time": 20.42381152963638}