{"aAcc": 77.08, "mIoU": 39.24, "mAcc": 50.97, "data_time": 0.01733687949180603, "time": 2.178468321681023}