{"aAcc": 75.76, "mIoU": 40.15, "mAcc": 55.46, "data_time": 0.0047526928186416625, "time": 1.818900653243065}