{"aAcc": 83.43, "mIoU": 47.78, "mAcc": 66.72, "data_time": 0.019747580389387447, "time": 6.253298298583679}