{"aAcc": 82.99, "mIoU": 34.56, "mAcc": 46.52, "data_time": 0.0018451409639367734, "time": 0.24983344825075937}