{"aAcc": 85.37, "mIoU": 46.7, "mAcc": 57.19, "data_time": 0.005407263278961181, "time": 1.6393849868774415}