{"aAcc": 82.72, "mIoU": 49.35, "mAcc": 60.72, "data_time": 0.0016178407669067384, "time": 0.34361490750312806}