{"aAcc": 38.69, "mIoU": 27.0, "mAcc": 34.45, "data_time": 0.004516837596893311, "time": 0.33673294639587403}