{"aAcc": 96.9, "mIoU": 83.3, "mAcc": 88.87, "data_time": 0.004439627170562744, "time": 0.8963159704208374}