{"aAcc": 92.41, "mIoU": 66.48, "mAcc": 76.13, "data_time": 0.002516605510145652, "time": 6.503972576271673}