{"aAcc": 73.8, "mIoU": 34.94, "mAcc": 43.26, "data_time": 0.002050570249557495, "time": 0.32870899033546447}