{"aAcc": 96.1, "mIoU": 78.94, "mAcc": 85.92, "data_time": 0.004712453842163086, "time": 5.285381569385528}