{"aAcc": 92.25, "mIoU": 66.54, "mAcc": 74.13, "data_time": 0.0017054925053756429, "time": 0.3497218838883236}