{"aAcc": 85.58, "mIoU": 53.39, "mAcc": 65.87, "data_time": 0.1130293637073686, "time": 2.602919047689203}