{"aAcc": 94.01, "mIoU": 72.14, "mAcc": 83.64, "data_time": 0.0019839512553191992, "time": 0.09659065091256194}