{"aAcc": 80.1, "mIoU": 42.23, "mAcc": 52.45, "data_time": 0.0016115939617156983, "time": 0.27366358268260954}