{"aAcc": 86.0, "mIoU": 49.78, "mAcc": 63.57, "data_time": 0.006214987754821777, "time": 6.235712232112885}