{"aAcc": 7.92, "mIoU": 0.38, "mAcc": 1.17, "data_time": 0.003533982276916504, "time": 0.4475989981889725}