{"aAcc": 92.64, "mIoU": 71.82, "mAcc": 84.87, "data_time": 0.0018449188348258093, "time": 1.0495324092046239}