{"aAcc": 78.5, "mIoU": 38.38, "mAcc": 47.87, "data_time": 0.0019665117263793943, "time": 0.17628253412246703}