{"aAcc": 82.07, "mIoU": 48.12, "mAcc": 60.71, "data_time": 0.0032169495820999145, "time": 0.2445615577697754}