{"aAcc": 82.23, "mIoU": 48.21, "mAcc": 59.35, "data_time": 0.001614521861076355, "time": 0.21149922215938569}