{"aAcc": 14.25, "mIoU": 0.95, "mAcc": 4.78, "data_time": 0.09765763854980469, "time": 1.5354463090896606}