{"aAcc": 91.64, "mIoU": 59.19, "mAcc": 69.38, "data_time": 0.004714329719543457, "time": 0.6290628705024719}