{"aAcc": 96.52, "mIoU": 80.83, "mAcc": 87.77, "data_time": 0.004519217014312744, "time": 1.365050208091736}