{"aAcc": 37.67, "mIoU": 1.99, "mAcc": 5.26, "data_time": 0.004625133991241455, "time": 0.1836264696121216}