{"aAcc": 37.66, "mIoU": 1.98, "mAcc": 5.26, "data_time": 0.005090927600860596, "time": 4.150497760772705}