{"aAcc": 94.07, "mIoU": 74.0, "mAcc": 81.9, "data_time": 0.001441835287606165, "time": 0.37281426123045824}