{"aAcc": 76.02, "mIoU": 41.43, "mAcc": 55.66, "data_time": 0.0017199231386184693, "time": 1.1803475161790848}