{"aAcc": 53.7, "mIoU": 41.62, "mAcc": 50.54, "data_time": 0.004681826114654541, "time": 0.576375641822815}