{"aAcc": 91.47, "mIoU": 67.82, "mAcc": 83.09, "data_time": 0.016593729733927157, "time": 5.047318747983134}