{"aAcc": 95.64, "mIoU": 75.37, "mAcc": 82.93, "data_time": 0.004702479362487793, "time": 0.2581929759979248}