{"aAcc": 53.05, "mIoU": 9.79, "mAcc": 14.98, "data_time": 0.0026793491840362547, "time": 6.588358846306801}