{"aAcc": 93.42, "mIoU": 71.54, "mAcc": 79.35, "data_time": 0.004393619060516357, "time": 0.5045917716026306}