{"aAcc": 94.67, "mIoU": 70.69, "mAcc": 81.0, "data_time": 0.0060641846656799316, "time": 1.2161507463455201}