{"aAcc": 81.75, "mIoU": 30.84, "mAcc": 41.03, "data_time": 0.0032171498832413046, "time": 0.33636475678885536}