{"aAcc": 95.58, "mIoU": 80.87, "mAcc": 89.74, "data_time": 0.0016818995966098487, "time": 0.09953468466232858}