{"aAcc": 95.9, "mIoU": 81.22, "mAcc": 90.84, "data_time": 0.0018925502268999836, "time": 0.21632642611048813}