{"aAcc": 4.01, "mIoU": 0.94, "mAcc": 4.13, "data_time": 0.02143854252464447, "time": 6.26181099478996}