{"aAcc": 66.57, "mIoU": 21.06, "mAcc": 25.95, "data_time": 0.0015412366390228271, "time": 0.3147273589372635}