{"aAcc": 92.54, "mIoU": 71.32, "mAcc": 84.37, "data_time": 0.0018105709281273758, "time": 1.0479726491918886}