{"aAcc": 91.87, "mIoU": 63.88, "mAcc": 73.0, "data_time": 0.005564453601837158, "time": 0.3796019372940064}