{"aAcc": 84.38, "mIoU": 43.1, "mAcc": 56.39, "data_time": 0.0016794742757982842, "time": 1.0412104565822478}