{"aAcc": 95.75, "mIoU": 81.45, "mAcc": 91.83, "data_time": 0.0018271404434846467, "time": 0.11663117270538773}