{"aAcc": 87.18, "mIoU": 44.74, "mAcc": 53.93, "data_time": 0.005381515026092529, "time": 0.664605444431305}