{"aAcc": 91.62, "mIoU": 53.07, "mAcc": 62.04, "data_time": 0.030881641387939453, "time": 45.447898298740384}