{"aAcc": 81.75, "mIoU": 47.82, "mAcc": 59.15, "data_time": 0.0016850761175155639, "time": 0.48731740391254424}