{"aAcc": 95.22, "mIoU": 72.74, "mAcc": 81.0, "data_time": 0.007008068084716797, "time": 39.05290684938431}