{"aAcc": 96.61, "mIoU": 81.6, "mAcc": 87.91, "data_time": 0.004743156433105469, "time": 0.4691297583580017}