{"lr": 0.0019819639278557113, "data_time": 0.03003657341003418, "loss": 0.739044748544693, "loss_rpn_cls": 0.6180446714162826, "loss_rpn_bbox": 0.12100007363595068, "time": 0.506282958984375, "epoch": 1, "iter": 50, "memory": 3404, "step": 50}
{"lr": 0.0039839679358717435, "data_time": 0.0031125640869140627, "loss": 0.4297415889799595, "loss_rpn_cls": 0.30905451491475106, "loss_rpn_bbox": 0.12068707168102265, "time": 0.15848281860351562, "epoch": 1, "iter": 100, "memory": 3404, "step": 100}
{"lr": 0.005985971943887774, "data_time": 0.0028156280517578126, "loss": 0.3875415541231632, "loss_rpn_cls": 0.2562715020030737, "loss_rpn_bbox": 0.13127005428075791, "time": 0.16079275608062743, "epoch": 1, "iter": 150, "memory": 3404, "step": 150}
{"lr": 0.007987975951903804, "data_time": 0.0027798175811767577, "loss": 0.35694523513317106, "loss_rpn_cls": 0.21730549417436124, "loss_rpn_bbox": 0.13963974112644792, "time": 0.15948477745056153, "epoch": 1, "iter": 200, "memory": 3404, "step": 200}
