{"aAcc": 79.28, "mIoU": 48.64, "mAcc": 60.19, "data_time": 0.0016100512742996216, "time": 0.26973731970787046}