{"aAcc": 32.06, "mIoU": 3.5, "mAcc": 5.81, "data_time": 0.0024522814750671386, "time": 3.0640583047866823}