{"aAcc": 93.26, "mIoU": 69.58, "mAcc": 77.58, "data_time": 0.0026948751458799203, "time": 6.5394098627065445}