{"aAcc": 85.1, "mIoU": 54.22, "mAcc": 65.77, "data_time": 0.0026889911890029907, "time": 10.702554985523223}