{"aAcc": 81.07, "mIoU": 44.56, "mAcc": 55.01, "data_time": 0.0016776093244552613, "time": 0.48975599706172945}