{"aAcc": 94.23, "mIoU": 73.89, "mAcc": 86.04, "data_time": 0.0018482494551696146, "time": 6.921856793968985}