{"aAcc": 40.34, "mIoU": 5.21, "mAcc": 10.51, "data_time": 0.014783962419561224, "time": 4.221137261045152}