{"aAcc": 74.51, "mIoU": 35.99, "mAcc": 48.25, "data_time": 0.06054678761959076, "time": 3.855490862607956}