{"aAcc": 95.14, "mIoU": 71.98, "mAcc": 80.5, "data_time": 0.005095968246459961, "time": 38.932398692131045}