{"aAcc": 69.76, "mIoU": 28.02, "mAcc": 37.68, "data_time": 0.00161012601852417, "time": 0.243061625957489}