{"aAcc": 49.37, "mIoU": 10.88, "mAcc": 16.43, "data_time": 0.005261599063873291, "time": 0.44515132999420165}