{"aAcc": 9.92, "mIoU": 5.47, "mAcc": 22.39, "data_time": 0.0355686512875343, "time": 5.902778191431544}