{"aAcc": 75.82, "mIoU": 37.37, "mAcc": 49.42, "data_time": 0.020074345350265504, "time": 3.8245284403562545}