{"aAcc": 74.73, "mIoU": 26.53, "mAcc": 44.24, "data_time": 0.015811610666121016, "time": 5.590152542701337}