{"aAcc": 77.17, "mIoU": 44.78, "mAcc": 58.76, "data_time": 0.0016006430387496948, "time": 1.3146449496746064}