{"aAcc": 83.41, "mIoU": 51.63, "mAcc": 65.01, "data_time": 0.0027280234098434448, "time": 0.4925885547399521}