{"aAcc": 67.13, "mIoU": 28.62, "mAcc": 39.36, "data_time": 0.01723516881465912, "time": 4.619322279453278}