{"aAcc": 95.8, "mIoU": 78.73, "mAcc": 87.01, "data_time": 0.0044350833892822265, "time": 0.49594443035125735}