{"aAcc": 94.58, "mIoU": 75.57, "mAcc": 83.49, "data_time": 0.00196945691947858, "time": 0.5282525418954853}