{"aAcc": 83.87, "mIoU": 52.27, "mAcc": 62.82, "data_time": 0.0018835113048553467, "time": 0.7838309001922608}