{"aAcc": 95.67, "mIoU": 76.53, "mAcc": 85.11, "data_time": 0.0060347156524658205, "time": 0.43052432012557984}