{"aAcc": 95.85, "mIoU": 77.95, "mAcc": 88.33, "data_time": 0.06874938726425171, "time": 4.864843220710754}