{"aAcc": 80.96, "mIoU": 43.71, "mAcc": 56.62, "data_time": 0.0023452006578445436, "time": 10.374554003357888}