{"aAcc": 80.62, "mIoU": 43.68, "mAcc": 56.26, "data_time": 0.0014396737813949585, "time": 0.12571332955360412}