{"aAcc": 78.55, "mIoU": 38.19, "mAcc": 47.49, "data_time": 0.002514829874038696, "time": 0.3299671901464462}