{"aAcc": 89.82, "mIoU": 58.83, "mAcc": 72.16, "data_time": 0.0016731987170633404, "time": 0.3718798912501154}