{"aAcc": 92.16, "mIoU": 65.54, "mAcc": 74.62, "data_time": 0.0021067652889907237, "time": 6.674409076046993}