{"aAcc": 71.31, "mIoU": 35.09, "mAcc": 49.36, "data_time": 0.013559498190879822, "time": 7.011024477362633}