{"aAcc": 68.45, "mIoU": 39.75, "mAcc": 57.53, "data_time": 0.11751880285874852, "time": 3.8474915792357245}