{"aAcc": 71.15, "mIoU": 31.93, "mAcc": 43.39, "data_time": 0.0212653089761734, "time": 4.681264589071274}