{"aAcc": 79.57, "mIoU": 41.4, "mAcc": 51.23, "data_time": 0.002873878240585327, "time": 6.392568005800247}