{"aAcc": 76.09, "mIoU": 28.37, "mAcc": 41.36, "data_time": 0.007352227687835693, "time": 4.465046936511993}