{"aAcc": 7.35, "mIoU": 1.62, "mAcc": 3.68, "data_time": 0.021855199456214905, "time": 22.58721874153614}