{"aAcc": 80.9, "mIoU": 43.4, "mAcc": 54.41, "data_time": 0.0016110626459121704, "time": 0.26753401958942413}