{"aAcc": 93.05, "mIoU": 69.54, "mAcc": 78.79, "data_time": 0.0020182233090397404, "time": 1.1866525764544311}