{"aAcc": 40.53, "mIoU": 14.03, "mAcc": 22.82, "data_time": 0.004673821926116943, "time": 0.6577197742462159}