{"aAcc": 5.3, "mIoU": 1.3, "mAcc": 4.82, "data_time": 0.015455830582591729, "time": 6.5529970673547275}