{"aAcc": 90.69, "mIoU": 61.02, "mAcc": 71.06, "data_time": 0.0016083916439690862, "time": 0.5528305786243384}