{"aAcc": 5.56, "mIoU": 2.57, "mAcc": 13.26, "data_time": 0.023006549450839447, "time": 5.292882960775624}