{"aAcc": 96.08, "mIoU": 78.23, "mAcc": 84.81, "data_time": 0.004481827259063721, "time": 1.2592234058380127}