{"aAcc": 90.89, "mIoU": 60.79, "mAcc": 69.5, "data_time": 0.005580828189849853, "time": 0.2747643475532532}