{"aAcc": 76.88, "mIoU": 40.08, "mAcc": 52.53, "data_time": 0.003429556488990784, "time": 0.6486973185539245}