{"aAcc": 89.11, "mIoU": 62.38, "mAcc": 79.76, "data_time": 0.026053397058206564, "time": 5.480727991949204}