{"aAcc": 72.86, "mIoU": 34.1, "mAcc": 46.03, "data_time": 0.0018672544956207275, "time": 1.1938297101259232}