{"aAcc": 83.34, "mIoU": 48.32, "mAcc": 69.74, "data_time": 0.015401778342890032, "time": 1.3788301164812677}