{"aAcc": 72.5, "mIoU": 33.01, "mAcc": 44.46, "data_time": 0.002289225697517395, "time": 1.168825466632843}