{"aAcc": 95.31, "mIoU": 79.44, "mAcc": 89.44, "data_time": 0.0019699984208890863, "time": 6.9554756383718175}