{"aAcc": 69.79, "mIoU": 28.69, "mAcc": 36.16, "data_time": 0.004809810638427735, "time": 1.7075805854797363}