{"aAcc": 7.34, "mIoU": 3.33, "mAcc": 16.13, "data_time": 0.015303630677480546, "time": 1.0520438741535216}