{"aAcc": 82.89, "mIoU": 41.71, "mAcc": 60.98, "data_time": 0.002515998521782432, "time": 0.405494867644695}