{"aAcc": 72.65, "mIoU": 34.4, "mAcc": 46.21, "data_time": 0.016197949886322022, "time": 2.2052502076625826}