{"aAcc": 81.73, "mIoU": 39.69, "mAcc": 61.78, "data_time": 0.0019154448275569393, "time": 0.32367445947056067}