{"aAcc": 77.19, "mIoU": 44.23, "mAcc": 59.06, "data_time": 0.024400933504104615, "time": 23.129571085691452}