{"aAcc": 73.04, "mIoU": 34.84, "mAcc": 49.43, "data_time": 0.001670046329498291, "time": 1.0536735334396363}