{"aAcc": 85.93, "mIoU": 50.2, "mAcc": 63.11, "data_time": 0.004645050525665283, "time": 5.632411705970764}