{"aAcc": 77.89, "mIoU": 40.07, "mAcc": 51.23, "data_time": 0.0020008418560028074, "time": 0.550584368109703}