{"aAcc": 82.69, "mIoU": 49.98, "mAcc": 63.23, "data_time": 0.0023026392459869383, "time": 1.0844856947660446}