{"aAcc": 56.52, "mIoU": 10.58, "mAcc": 15.18, "data_time": 0.0016097700595855712, "time": 0.31251233887672425}