{"aAcc": 93.6, "mIoU": 72.59, "mAcc": 82.33, "data_time": 0.0016274649657571291, "time": 0.35906879353967514}