{"aAcc": 37.66, "mIoU": 1.98, "mAcc": 5.26, "data_time": 0.004676426410675049, "time": 1.1342499170303344}