{"aAcc": 73.06, "mIoU": 32.99, "mAcc": 44.09, "data_time": 0.018181108236312866, "time": 1.842738184928894}