{"aAcc": 88.06, "mIoU": 51.41, "mAcc": 62.1, "data_time": 0.0049082465171813965, "time": 0.5143608255386353}