{"aAcc": 78.37, "mIoU": 40.47, "mAcc": 51.07, "data_time": 0.0017866398096084595, "time": 1.0405401380062103}