{"aAcc": 84.61, "mIoU": 40.82, "mAcc": 50.6, "data_time": 0.005499710083007812, "time": 0.9622521009445191}