{"aAcc": 0.0, "mIoU": 0.0, "mAcc": 0.0, "data_time": 0.09985111093521118, "time": 7.354501826763153}