{"aAcc": 92.97, "mIoU": 71.01, "mAcc": 81.81, "data_time": 0.0019675053095636573, "time": 0.12900849224535493}