{"aAcc": 75.12, "mIoU": 37.91, "mAcc": 47.81, "data_time": 0.0018281419277191163, "time": 0.20411742854118348}