{"aAcc": 94.65, "mIoU": 75.78, "mAcc": 84.51, "data_time": 0.0015592073225991492, "time": 0.34883315222603933}