{"aAcc": 91.63, "mIoU": 53.06, "mAcc": 62.03, "data_time": 0.007611047267913818, "time": 39.27206975841522}