{"aAcc": 84.9, "mIoU": 42.69, "mAcc": 58.7, "data_time": 0.0020210456650696434, "time": 0.2717254522177497}