{"aAcc": 96.44, "mIoU": 80.42, "mAcc": 87.11, "data_time": 0.004939570903778077, "time": 0.436574285030365}