{"aAcc": 91.37, "mIoU": 66.86, "mAcc": 81.18, "data_time": 0.040941688091364954, "time": 5.891923504586545}