{"aAcc": 96.72, "mIoU": 82.74, "mAcc": 88.52, "data_time": 0.0051644668579101565, "time": 0.663388102054596}