{"aAcc": 82.72, "mIoU": 40.55, "mAcc": 59.7, "data_time": 0.0021656110749070276, "time": 0.34168531369800975}