{"aAcc": 91.59, "mIoU": 56.61, "mAcc": 73.09, "data_time": 0.06946352243423462, "time": 3.7828969407081603}