{"aAcc": 81.06, "mIoU": 45.57, "mAcc": 58.4, "data_time": 0.0015772018432617188, "time": 0.13865537869930267}