{"aAcc": 0.0, "mIoU": 0.0, "mAcc": 0.0, "data_time": 0.01706045389175415, "time": 1.8476339409351348}