{"aAcc": 82.4, "mIoU": 48.25, "mAcc": 59.53, "data_time": 0.0016861004829406738, "time": 0.21794167709350587}