{"aAcc": 81.79, "mIoU": 39.59, "mAcc": 61.44, "data_time": 0.0018587755778479197, "time": 0.44890146752404214}