{"aAcc": 90.34, "mIoU": 62.0, "mAcc": 76.78, "data_time": 0.002061186534441941, "time": 0.17538197687200385}