{"aAcc": 72.39, "mIoU": 27.46, "mAcc": 37.25, "data_time": 0.07366783142089844, "time": 2.7116594400405885}