{"aAcc": 81.41, "mIoU": 43.81, "mAcc": 54.02, "data_time": 0.005218680858612061, "time": 0.24830203819274901}