{"aAcc": 79.31, "mIoU": 33.57, "mAcc": 46.29, "data_time": 0.0067682361602783205, "time": 4.5984915904998775}