{"aAcc": 85.91, "mIoU": 51.08, "mAcc": 63.95, "data_time": 0.006408653259277344, "time": 5.7791666712760925}