{"aAcc": 86.12, "mIoU": 51.49, "mAcc": 64.85, "data_time": 0.004850252151489258, "time": 6.029031774520874}