{"aAcc": 74.48, "mIoU": 37.68, "mAcc": 50.86, "data_time": 0.0017095136642456055, "time": 1.0779923975467682}