{"aAcc": 60.7, "mIoU": 27.27, "mAcc": 37.03, "data_time": 0.005390248775482178, "time": 1.649030652999878}