{"aAcc": 93.42, "mIoU": 64.3, "mAcc": 75.23, "data_time": 0.1366537618637085, "time": 16.40257727813721}