{"aAcc": 67.84, "mIoU": 27.16, "mAcc": 35.89, "data_time": 0.0016312719583511353, "time": 0.3612829313278198}