{"aAcc": 85.09, "mIoU": 44.29, "mAcc": 50.73, "data_time": 0.0020743211110432944, "time": 0.623431384440041}