{"aAcc": 93.21, "mIoU": 62.3, "mAcc": 73.88, "data_time": 0.005225212574005127, "time": 5.551795170783997}