{"aAcc": 4.21, "mIoU": 1.09, "mAcc": 2.54, "data_time": 0.048257366180419925, "time": 23.58796429669857}