{"aAcc": 95.85, "mIoU": 76.89, "mAcc": 83.74, "data_time": 0.013731523036956787, "time": 38.54074841070175}