{"aAcc": 82.04, "mIoU": 46.7, "mAcc": 57.58, "data_time": 0.0035249212980270387, "time": 0.36055129277706144}