{"aAcc": 82.52, "mIoU": 47.6, "mAcc": 58.66, "data_time": 0.023538764476776122, "time": 0.5576284610033035}