{"aAcc": 91.82, "mIoU": 67.93, "mAcc": 78.88, "data_time": 0.0017299444779105809, "time": 1.3507996020109758}