{"aAcc": 76.55, "mIoU": 39.45, "mAcc": 51.73, "data_time": 0.017296226978302003, "time": 5.8214067299366}