{"aAcc": 82.28, "mIoU": 46.46, "mAcc": 66.9, "data_time": 0.04279518752693719, "time": 6.877778500832715}