{"aAcc": 93.84, "mIoU": 61.9, "mAcc": 70.36, "data_time": 0.0047457761764526365, "time": 1.4820818395614623}