{"aAcc": 77.37, "mIoU": 39.42, "mAcc": 48.95, "data_time": 0.001614575743675232, "time": 0.4078580069541931}