{"aAcc": 91.87, "mIoU": 63.88, "mAcc": 73.0, "data_time": 0.004570161819458008, "time": 0.2918508367538452}