{"aAcc": 72.97, "mIoU": 35.19, "mAcc": 49.51, "data_time": 0.0015650565624237061, "time": 1.0167670527696608}