{"aAcc": 94.54, "mIoU": 70.91, "mAcc": 78.23, "data_time": 0.004711305618286133, "time": 0.3465513610839844}