{"aAcc": 82.11, "mIoU": 36.39, "mAcc": 45.69, "data_time": 0.004501714706420899, "time": 1.6337519483566285}