{"aAcc": 71.08, "mIoU": 24.35, "mAcc": 32.23, "data_time": 0.005219181060791015, "time": 4.480957656383515}