{"aAcc": 73.0, "mIoU": 35.82, "mAcc": 50.22, "data_time": 0.02138960015773773, "time": 4.479350099682808}