{"aAcc": 73.91, "mIoU": 36.71, "mAcc": 49.08, "data_time": 0.0017648218870162963, "time": 1.135678920030594}