{"aAcc": 81.05, "mIoU": 43.61, "mAcc": 53.8, "data_time": 0.0017981940507888793, "time": 6.5714303424358365}