{"aAcc": 94.45, "mIoU": 73.94, "mAcc": 81.7, "data_time": 0.005193301200866699, "time": 0.46666551637649534}