{"aAcc": 85.93, "mIoU": 51.36, "mAcc": 64.53, "data_time": 0.006210381507873535, "time": 5.787902090549469}