{"aAcc": 92.21, "mIoU": 66.74, "mAcc": 77.88, "data_time": 0.0020299316522086218, "time": 0.5142428996729144}