{"aAcc": 96.04, "mIoU": 78.59, "mAcc": 86.13, "data_time": 0.005646572589874267, "time": 5.375771614074707}