{"aAcc": 92.62, "mIoU": 58.03, "mAcc": 66.86, "data_time": 0.006152133464813233, "time": 38.429947491168974}