{"aAcc": 68.79, "mIoU": 29.8, "mAcc": 41.22, "data_time": 0.018185463786125185, "time": 6.736154370307922}