{"aAcc": 94.74, "mIoU": 68.48, "mAcc": 76.18, "data_time": 0.005995839118957519, "time": 0.3074599633216858}