{"aAcc": 51.37, "mIoU": 17.07, "mAcc": 28.23, "data_time": 0.014918279647827149, "time": 0.6780849184989929}