{"aAcc": 85.28, "mIoU": 46.8, "mAcc": 59.59, "data_time": 0.005698380947113037, "time": 5.797816851615906}