{"aAcc": 91.83, "mIoU": 67.84, "mAcc": 78.86, "data_time": 0.0022483434736358453, "time": 1.4243199979954542}