{"aAcc": 93.52, "mIoU": 72.56, "mAcc": 83.13, "data_time": 0.0019330481482506456, "time": 0.15386083621333763}