{"aAcc": 93.73, "mIoU": 73.0, "mAcc": 82.96, "data_time": 0.001781757162553512, "time": 0.26122606384745956}