{"aAcc": 74.02, "mIoU": 35.6, "mAcc": 44.03, "data_time": 0.0016233339309692384, "time": 0.36437525165081025}