{"aAcc": 85.26, "mIoU": 44.26, "mAcc": 57.83, "data_time": 0.0019202967855007258, "time": 0.8636544533973731}