{"aAcc": 91.09, "mIoU": 59.27, "mAcc": 68.33, "data_time": 0.004747660636901856, "time": 1.65148166513443}