{"aAcc": 87.46, "mIoU": 57.98, "mAcc": 69.59, "data_time": 0.006235402107238769, "time": 0.32959939289093015}