{"aAcc": 6.86, "mIoU": 0.66, "mAcc": 1.32, "data_time": 0.025959554195404053, "time": 4.493658024787903}