{"aAcc": 9.92, "mIoU": 0.69, "mAcc": 2.65, "data_time": 0.28636989784240724, "time": 17.924183162212373}