{"aAcc": 71.27, "mIoU": 33.91, "mAcc": 49.82, "data_time": 0.14135749293078342, "time": 0.2690718796452865}