{"aAcc": 95.48, "mIoU": 75.58, "mAcc": 82.29, "data_time": 0.005623505115509033, "time": 0.3954632406234741}