{"aAcc": 74.8, "mIoU": 38.27, "mAcc": 51.46, "data_time": 0.00167845618724823, "time": 1.0828426023721696}