{"aAcc": 94.68, "mIoU": 68.32, "mAcc": 76.92, "data_time": 0.00555909776687622, "time": 1.1503255996704103}