{"aAcc": 94.48, "mIoU": 75.87, "mAcc": 85.84, "data_time": 0.0020081406218829525, "time": 0.1652015203274555}