{"aAcc": 87.45, "mIoU": 49.89, "mAcc": 60.41, "data_time": 0.004952860355377197, "time": 0.4913730883598328}