{"aAcc": 92.16, "mIoU": 57.09, "mAcc": 64.83, "data_time": 0.0055871024131774905, "time": 0.7048568472862243}