{"aAcc": 94.67, "mIoU": 76.01, "mAcc": 83.85, "data_time": 0.001610701786723114, "time": 0.5493493846895943}