{"aAcc": 91.55, "mIoU": 64.38, "mAcc": 75.21, "data_time": 0.0019891296607860622, "time": 0.419398425940072}