{"aAcc": 95.19, "mIoU": 78.34, "mAcc": 86.0, "data_time": 0.0016173704317144232, "time": 0.5595260870876273}