{"aAcc": 95.97, "mIoU": 81.53, "mAcc": 90.0, "data_time": 0.003168951486043884, "time": 6.962390120889994}