{"aAcc": 83.54, "mIoU": 52.11, "mAcc": 64.49, "data_time": 0.0016287546157836915, "time": 0.3002478458881378}