{"aAcc": 94.99, "mIoU": 72.7, "mAcc": 81.48, "data_time": 0.007290423393249512, "time": 37.7872793674469}