{"aAcc": 85.06, "mIoU": 44.26, "mAcc": 54.81, "data_time": 0.004608384609222412, "time": 1.5271151347160339}