{"aAcc": 96.31, "mIoU": 79.74, "mAcc": 88.84, "data_time": 0.005591655254364013, "time": 1.3905346913337708}