{"aAcc": 84.6, "mIoU": 40.47, "mAcc": 51.68, "data_time": 0.12852792739868163, "time": 5.051550792217254}