{"aAcc": 83.0, "mIoU": 34.78, "mAcc": 47.28, "data_time": 0.001897355784540591, "time": 0.24324547874261132}