{"aAcc": 94.37, "mIoU": 76.37, "mAcc": 85.77, "data_time": 0.002016196339767172, "time": 0.160069998088913}