{"aAcc": 85.88, "mIoU": 55.89, "mAcc": 67.92, "data_time": 0.0023044159412384034, "time": 0.7847831503152848}