{"aAcc": 67.72, "mIoU": 22.25, "mAcc": 33.87, "data_time": 0.006647964477539062, "time": 4.338253442764282}