{"aAcc": 86.53, "mIoU": 52.48, "mAcc": 65.9, "data_time": 0.004780015468597412, "time": 5.816914061546326}