{"aAcc": 95.88, "mIoU": 79.36, "mAcc": 88.39, "data_time": 0.07052909851074218, "time": 3.2747399258613585}