{"aAcc": 74.64, "mIoU": 34.38, "mAcc": 43.44, "data_time": 0.0020286781787872315, "time": 0.2011798745393753}