{"aAcc": 95.25, "mIoU": 73.04, "mAcc": 81.11, "data_time": 0.004705657958984375, "time": 5.053524474143982}