{"aAcc": 0.03, "mIoU": 0.0, "mAcc": 0.01, "data_time": 0.01675733995437622, "time": 4.686710008978844}