{"aAcc": 96.56, "mIoU": 83.81, "mAcc": 91.93, "data_time": 0.02658825779553526, "time": 0.33656183171058374}