{"aAcc": 91.79, "mIoU": 67.85, "mAcc": 78.87, "data_time": 0.0016056431664360894, "time": 1.3060095823576239}