{"aAcc": 85.49, "mIoU": 44.36, "mAcc": 57.36, "data_time": 0.0015851230437053, "time": 1.084728973828323}