{"aAcc": 0.02, "mIoU": 0.03, "mAcc": 0.13, "data_time": 0.04901501571334091, "time": 6.298523855340982}