{"aAcc": 69.12, "mIoU": 31.65, "mAcc": 39.03, "data_time": 0.0023634729385375976, "time": 3.197742694377899}