{"aAcc": 37.66, "mIoU": 1.98, "mAcc": 5.26, "data_time": 0.004552691459655762, "time": 0.33980740451812746}