{"aAcc": 96.02, "mIoU": 79.18, "mAcc": 86.15, "data_time": 0.005970273494720459, "time": 5.338839286804199}