{"aAcc": 8.95, "mIoU": 0.06, "mAcc": 0.67, "data_time": 0.002381004095077515, "time": 4.22596508872509}