{"aAcc": 95.67, "mIoU": 76.44, "mAcc": 84.58, "data_time": 0.008388813495635986, "time": 5.260178884029388}