{"aAcc": 95.63, "mIoU": 76.82, "mAcc": 85.8, "data_time": 0.004565526962280273, "time": 0.40681942558288575}