{"aAcc": 86.71, "mIoU": 57.38, "mAcc": 67.68, "data_time": 0.004584316253662109, "time": 0.23210329914093017}