{"aAcc": 95.32, "mIoU": 73.72, "mAcc": 82.81, "data_time": 0.005015885353088379, "time": 0.35169366979599}