{"aAcc": 82.23, "mIoU": 33.25, "mAcc": 43.89, "data_time": 0.0020307556689402578, "time": 0.3782786645092908}