{"aAcc": 95.06, "mIoU": 75.68, "mAcc": 83.54, "data_time": 0.004581573009490966, "time": 0.6757232542037964}