{"aAcc": 76.55, "mIoU": 41.89, "mAcc": 52.12, "data_time": 0.0016220320463180542, "time": 0.2162560214996338}