{"aAcc": 85.43, "mIoU": 47.07, "mAcc": 57.54, "data_time": 0.004459218025207519, "time": 1.551331254005432}