{"aAcc": 84.06, "mIoU": 39.62, "mAcc": 52.98, "data_time": 0.005984285831451416, "time": 6.401864336013794}