{"aAcc": 95.88, "mIoU": 76.82, "mAcc": 84.41, "data_time": 0.0062544913291931155, "time": 0.4730972256660461}