{"aAcc": 89.89, "mIoU": 56.93, "mAcc": 64.78, "data_time": 0.004605430603027344, "time": 0.40081422185897825}