{"aAcc": 78.78, "mIoU": 37.81, "mAcc": 63.54, "data_time": 0.0020549662611746146, "time": 1.271100754570023}