{"aAcc": 83.82, "mIoU": 51.2, "mAcc": 62.11, "data_time": 0.002443582057952881, "time": 0.3574403954744339}