{"aAcc": 86.37, "mIoU": 52.46, "mAcc": 65.6, "data_time": 0.00609432315826416, "time": 6.625707068443298}