{"aAcc": 83.41, "mIoU": 50.13, "mAcc": 62.78, "data_time": 0.0016218079328536987, "time": 0.10272355318069458}