{"aAcc": 4.86, "mIoU": 1.79, "mAcc": 10.16, "data_time": 0.015286059113022703, "time": 1.033574037999429}