{"base_lr": 4.9058558558558554e-05, "lr": 4.9058558558558554e-05, "data_time": 0.04863966464996338, "loss": 3.352365641593933, "loss_cls": 2.1028419017791746, "loss_bbox": 1.2495237350463868, "time": 2.6977296543121336, "epoch": 1, "iter": 50, "memory": 18261, "step": 50}
