{"aAcc": 74.47, "mIoU": 38.36, "mAcc": 51.53, "data_time": 0.0016846472024917602, "time": 1.1127472151517868}