{"aAcc": 15.73, "mIoU": 3.61, "mAcc": 11.62, "data_time": 0.015171401166685538, "time": 6.582091571710453}