{"aAcc": 12.69, "mIoU": 1.91, "mAcc": 4.37, "data_time": 0.02759882664680481, "time": 5.782707373738289}