{"aAcc": 94.99, "mIoU": 71.27, "mAcc": 79.98, "data_time": 0.010364320278167725, "time": 36.69448159503937}