{"base_lr": 4.9058558558558554e-05, "lr": 5.394045557706497e-06, "data_time": 0.05718258857727051, "loss": 0.3732801838219166, "loss_rpn_cls": 0.3322759884595871, "loss_rpn_bbox": 0.04100419484078884, "time": 9.628056859970092, "epoch": 1, "iter": 50, "memory": 24696, "step": 50}
