{"aAcc": 92.92, "mIoU": 62.66, "mAcc": 79.05, "data_time": 0.06782357931137085, "time": 3.9251675534248354}