{"aAcc": 79.15, "mIoU": 40.84, "mAcc": 52.94, "data_time": 0.0017259089946746826, "time": 6.011679774522781}