{"aAcc": 80.38, "mIoU": 44.25, "mAcc": 56.62, "data_time": 0.002131582975387573, "time": 0.22671636509895324}