{"base_lr": 9.018918918918918e-06, "lr": 9.91640622132031e-07, "data_time": 0.026394128799438477, "loss": 2.907002592086792, "loss_cls": 1.1036747694015503, "loss_bbox": 1.1128042221069336, "loss_centerness": 0.6905235767364502, "time": 4.1933471202850345, "iter": 10, "memory": 14602, "step": 10}
{"pascal_voc/mAP": 1.811866313043235e-05, "pascal_voc/AP25": 0.0, "pascal_voc/AP30": 0.0, "pascal_voc/AP40": 0.0, "pascal_voc/AP50": 0.0, "pascal_voc/AP70": 0.0, "pascal_voc/AP75": 0.0, "data_time": 0.001209539049854186, "time": 0.03786662480942845, "step": 10}
{"base_lr": 1.9028828828828827e-05, "lr": 2.092241856025647e-06, "data_time": 1.098882007598877, "loss": 2.699970579147339, "loss_cls": 0.9703973472118378, "loss_bbox": 1.0518040597438811, "loss_centerness": 0.677769148349762, "time": 5.3407821416854855, "iter": 20, "memory": 14602, "step": 20}
{"pascal_voc/mAP": 0.0019995339704716266, "pascal_voc/AP25": 0.004, "pascal_voc/AP30": 0.004, "pascal_voc/AP40": 0.003, "pascal_voc/AP50": 0.0, "pascal_voc/AP70": 0.0, "pascal_voc/AP75": 0.0, "data_time": 0.0012018946284312036, "time": 0.03878668777971058, "step": 20}
