{"aAcc": 72.34, "mIoU": 33.57, "mAcc": 44.28, "data_time": 0.03076211142539978, "time": 6.2334154189825055}