{"aAcc": 81.69, "mIoU": 46.12, "mAcc": 58.06, "data_time": 0.0017198576927185058, "time": 0.2406477484703064}