{"aAcc": 92.27, "mIoU": 70.56, "mAcc": 83.68, "data_time": 0.0019180388019527544, "time": 1.1291872097591928}