{"aAcc": 96.21, "mIoU": 79.73, "mAcc": 86.71, "data_time": 0.005203877449035645, "time": 0.6352978191375732}