{"aAcc": 78.5, "mIoU": 38.38, "mAcc": 47.87, "data_time": 0.0018349319696426391, "time": 0.15595128190517427}