{"aAcc": 91.56, "mIoU": 65.3, "mAcc": 78.87, "data_time": 0.0018327160487099298, "time": 0.07890763358464317}