{"aAcc": 69.01, "mIoU": 25.16, "mAcc": 36.06, "data_time": 0.005570098876953125, "time": 4.26152445602417}