{"aAcc": 80.36, "mIoU": 44.71, "mAcc": 55.02, "data_time": 0.0026792123317718507, "time": 0.44430222499370575}