{"aAcc": 90.7, "mIoU": 61.18, "mAcc": 80.13, "data_time": 0.06566988229751587, "time": 0.31355687856674197}