{"aAcc": 69.83, "mIoU": 35.61, "mAcc": 46.73, "data_time": 0.14038524428024668, "time": 0.42190941683764527}