{"aAcc": 2.48, "mIoU": 0.26, "mAcc": 0.88, "data_time": 0.03416152638842765, "time": 5.269855918186628}