{"aAcc": 93.39, "mIoU": 71.69, "mAcc": 82.42, "data_time": 0.002069255580072818, "time": 0.38687536681907764}