{"aAcc": 95.39, "mIoU": 75.32, "mAcc": 82.8, "data_time": 0.0047443690299987795, "time": 5.133863035202026}