{"aAcc": 86.03, "mIoU": 57.67, "mAcc": 69.94, "data_time": 0.00214115309715271, "time": 0.5856033462285996}