{"aAcc": 96.49, "mIoU": 80.91, "mAcc": 87.34, "data_time": 0.005792191505432129, "time": 0.8185835247039794}