{"aAcc": 92.59, "mIoU": 69.76, "mAcc": 82.17, "data_time": 0.0019624414239940023, "time": 0.39938689183168696}