{"aAcc": 81.54, "mIoU": 45.81, "mAcc": 58.04, "data_time": 0.0017898030281066895, "time": 6.616678582906723}