{"aAcc": 93.71, "mIoU": 67.46, "mAcc": 75.17, "data_time": 0.004918749332427978, "time": 0.6643155474662781}