{"aAcc": 96.52, "mIoU": 80.98, "mAcc": 87.89, "data_time": 0.004455638408660889, "time": 0.5448154001235962}