{"aAcc": 78.6, "mIoU": 45.05, "mAcc": 58.96, "data_time": 0.0029152222871780395, "time": 2.453158986926079}