{"aAcc": 82.44, "mIoU": 38.42, "mAcc": 55.89, "data_time": 0.04774287670048621, "time": 6.667249590055625}