{"aAcc": 56.44, "mIoU": 17.46, "mAcc": 24.72, "data_time": 0.005430172443389893, "time": 4.9363500652313235}