{"base_lr": 4.9058558558558554e-05, "lr": 5.394045557706497e-06, "data_time": 0.028053221702575685, "loss": 0.37378969714045523, "loss_rpn_cls": 0.3328167788684368, "loss_rpn_bbox": 0.04097291927784681, "time": 7.420443606376648, "epoch": 1, "iter": 50, "memory": 24350, "step": 50}
