{"aAcc": 96.35, "mIoU": 79.53, "mAcc": 86.48, "data_time": 0.004615444660186768, "time": 1.2761268978118896}