{"aAcc": 91.5, "mIoU": 66.59, "mAcc": 74.39, "data_time": 0.004924233913421631, "time": 0.4357578811645508}