{"aAcc": 95.72, "mIoU": 80.23, "mAcc": 89.45, "data_time": 0.0017908611653013999, "time": 0.09324835579176456}