{"aAcc": 80.58, "mIoU": 43.62, "mAcc": 56.39, "data_time": 0.001547515630722046, "time": 0.14054240214824676}