{"aAcc": 73.16, "mIoU": 37.33, "mAcc": 52.52, "data_time": 0.020054816126823426, "time": 9.036298438191414}