{"aAcc": 83.08, "mIoU": 51.31, "mAcc": 62.45, "data_time": 0.006156506538391113, "time": 2.025320730686188}