{"aAcc": 69.12, "mIoU": 31.65, "mAcc": 39.02, "data_time": 0.002475099802017212, "time": 3.0587048209905623}