{"aAcc": 78.17, "mIoU": 38.3, "mAcc": 47.07, "data_time": 0.0038895848989486696, "time": 7.257633757472038}