{"aAcc": 81.38, "mIoU": 45.37, "mAcc": 58.18, "data_time": 0.0020248522758483886, "time": 0.2316925708055496}