{"aAcc": 0.58, "mIoU": 0.13, "mAcc": 0.34, "data_time": 0.11895473384857178, "time": 18.90227958202362}