{"aAcc": 95.65, "mIoU": 76.83, "mAcc": 84.76, "data_time": 0.025366594791412355, "time": 0.9683967833518982}