{"aAcc": 85.79, "mIoU": 49.42, "mAcc": 66.11, "data_time": 0.005463466167449951, "time": 6.173579184532166}