{"aAcc": 87.96, "mIoU": 60.71, "mAcc": 72.96, "data_time": 0.005904414653778076, "time": 0.339207417011261}