{"aAcc": 91.99, "mIoU": 67.67, "mAcc": 76.93, "data_time": 0.004853095531463623, "time": 0.7121580429077149}