{"aAcc": 92.07, "mIoU": 56.77, "mAcc": 64.63, "data_time": 0.005368943691253662, "time": 0.7004511971473694}