{"aAcc": 96.64, "mIoU": 82.02, "mAcc": 88.21, "data_time": 0.004650881290435791, "time": 0.5824461970329284}