{"aAcc": 91.23, "mIoU": 66.23, "mAcc": 78.03, "data_time": 0.0016521739499004567, "time": 1.3055418849073663}