{"aAcc": 82.5, "mIoU": 50.0, "mAcc": 63.76, "data_time": 0.0021022872924804687, "time": 0.35871846520900724}