{"aAcc": 16.18, "mIoU": 2.62, "mAcc": 6.25, "data_time": 0.10745385026931763, "time": 19.092740918636323}