{"aAcc": 96.7, "mIoU": 81.71, "mAcc": 88.55, "data_time": 0.0045378880500793455, "time": 1.39300062084198}