{"aAcc": 84.46, "mIoU": 52.57, "mAcc": 63.78, "data_time": 0.0022421914339065554, "time": 0.6105232799053192}