{"aAcc": 0.01, "mIoU": 0.01, "mAcc": 0.04, "data_time": 0.030318414926528932, "time": 8.70451549601555}