{"aAcc": 92.32, "mIoU": 70.85, "mAcc": 84.16, "data_time": 0.0022086040820641054, "time": 1.18761548426663}