{"aAcc": 96.71, "mIoU": 81.91, "mAcc": 88.28, "data_time": 0.00474199390411377, "time": 1.345001705646515}