{"aAcc": 85.3, "mIoU": 44.46, "mAcc": 60.39, "data_time": 0.002158399447644473, "time": 0.438634849565452}