{"aAcc": 85.86, "mIoU": 57.21, "mAcc": 69.41, "data_time": 0.0021771072149276735, "time": 0.5632656435966492}