{"aAcc": 95.12, "mIoU": 78.49, "mAcc": 87.81, "data_time": 0.002013930622835337, "time": 0.15742395679402796}