{"aAcc": 92.83, "mIoU": 67.96, "mAcc": 75.71, "data_time": 0.0022896772586040617, "time": 0.39893662016337456}