{"aAcc": 83.27, "mIoU": 51.29, "mAcc": 62.67, "data_time": 0.0015974564552307129, "time": 0.44364332914352417}