{"aAcc": 96.08, "mIoU": 82.43, "mAcc": 91.06, "data_time": 0.0022628381385566285, "time": 0.9281612517012655}