{"aAcc": 95.54, "mIoU": 80.31, "mAcc": 88.76, "data_time": 0.0019255056308827949, "time": 0.14345019270091983}