{"aAcc": 77.74, "mIoU": 41.93, "mAcc": 53.75, "data_time": 0.00205986750125885, "time": 1.0696560015678407}