{"aAcc": 0.79, "mIoU": 0.15, "mAcc": 0.56, "data_time": 0.01742274224758148, "time": 1.628568865776062}