{"aAcc": 9.45, "mIoU": 0.1, "mAcc": 0.75, "data_time": 0.0024224992990493775, "time": 2.48010478079319}