{"aAcc": 96.0, "mIoU": 78.49, "mAcc": 85.94, "data_time": 0.005704014778137207, "time": 5.575702684879303}