{"aAcc": 92.76, "mIoU": 65.8, "mAcc": 74.02, "data_time": 0.00455743408203125, "time": 0.6664062399864197}