{"aAcc": 96.61, "mIoU": 81.37, "mAcc": 88.0, "data_time": 0.007093719959259033, "time": 0.687896303653717}