{"aAcc": 58.9, "mIoU": 25.86, "mAcc": 35.63, "data_time": 0.0059790430068969724, "time": 1.7778796377182007}