{"aAcc": 95.63, "mIoU": 76.06, "mAcc": 83.11, "data_time": 0.004608113765716553, "time": 0.2597628493309021}