{"aAcc": 90.81, "mIoU": 59.31, "mAcc": 68.91, "data_time": 0.1259136061668396, "time": 23.455609437465668}