{"aAcc": 72.98, "mIoU": 33.79, "mAcc": 44.81, "data_time": 0.0021292102336883546, "time": 1.242480065703392}