{"aAcc": 95.35, "mIoU": 75.32, "mAcc": 82.91, "data_time": 0.004695757865905762, "time": 0.4451565074920654}