{"aAcc": 71.28, "mIoU": 28.25, "mAcc": 37.92, "data_time": 0.0061874942779541016, "time": 1.7511690745353699}