{"aAcc": 95.21, "mIoU": 79.4, "mAcc": 89.64, "data_time": 0.001869795320772812, "time": 0.9713599074701345}