{"aAcc": 91.68, "mIoU": 67.71, "mAcc": 78.65, "data_time": 0.0016086346696704893, "time": 1.3557425336725881}