{"aAcc": 94.32, "mIoU": 75.13, "mAcc": 83.83, "data_time": 0.0015726808517698258, "time": 0.5627015074670026}