{"aAcc": 80.84, "mIoU": 43.61, "mAcc": 54.36, "data_time": 0.0016488816738128662, "time": 0.42202907347679136}