{"aAcc": 95.17, "mIoU": 73.57, "mAcc": 80.95, "data_time": 0.008645378589630126, "time": 0.44555346155166625}