{"aAcc": 95.23, "mIoU": 78.17, "mAcc": 85.74, "data_time": 0.002262708810052023, "time": 0.3814013591711072}