{"aAcc": 70.37, "mIoU": 26.43, "mAcc": 32.43, "data_time": 0.0019192681312561034, "time": 0.4202815698385239}