{"aAcc": 73.68, "mIoU": 21.48, "mAcc": 32.1, "data_time": 0.00193350935410104, "time": 1.0159208524465726}