{"aAcc": 94.45, "mIoU": 75.47, "mAcc": 82.83, "data_time": 0.001925668031943922, "time": 0.39661256554539737}