{"aAcc": 88.29, "mIoU": 59.67, "mAcc": 78.74, "data_time": 0.025502297366545724, "time": 2.736848909333297}