{"aAcc": 85.57, "mIoU": 49.04, "mAcc": 61.01, "data_time": 0.029521313190460204, "time": 8.3312556681633}