{"aAcc": 70.62, "mIoU": 33.17, "mAcc": 42.2, "data_time": 0.0024346606731414796, "time": 4.170749603271484}