{"aAcc": 95.88, "mIoU": 81.41, "mAcc": 90.66, "data_time": 0.0018538087709267606, "time": 0.2039375372637215}