{"aAcc": 90.43, "mIoU": 60.02, "mAcc": 71.12, "data_time": 0.00646864652633667, "time": 0.38893530797958376}