{"aAcc": 93.82, "mIoU": 73.19, "mAcc": 83.65, "data_time": 0.0018953775191323523, "time": 0.13566488920202577}