{"aAcc": 91.66, "mIoU": 67.53, "mAcc": 78.59, "data_time": 0.0017092201609377863, "time": 1.335854128856672}