{"aAcc": 95.79, "mIoU": 81.41, "mAcc": 90.84, "data_time": 0.0017486003615100932, "time": 0.11208725814740357}