{"aAcc": 93.29, "mIoU": 67.06, "mAcc": 79.07, "data_time": 0.008668691635131835, "time": 0.6046947889328003}