{"aAcc": 51.88, "mIoU": 40.9, "mAcc": 49.77, "data_time": 0.004669827461242676, "time": 0.470123101234436}