{"aAcc": 93.11, "mIoU": 58.85, "mAcc": 67.91, "data_time": 0.005761295318603516, "time": 5.439795112133026}