{"aAcc": 95.54, "mIoU": 80.31, "mAcc": 88.76, "data_time": 0.0019830326280403003, "time": 0.1465787186632492}