{"aAcc": 94.5, "mIoU": 75.61, "mAcc": 84.38, "data_time": 0.0016084000355132784, "time": 0.3786891643716353}