{"aAcc": 93.97, "mIoU": 64.23, "mAcc": 73.28, "data_time": 0.005211478233337403, "time": 0.3496849961280823}