{"aAcc": 93.75, "mIoU": 72.87, "mAcc": 83.54, "data_time": 0.0014667251012998256, "time": 0.3900089456427912}