{"aAcc": 94.93, "mIoU": 77.36, "mAcc": 88.13, "data_time": 0.001858826914353565, "time": 0.10747334445403148}