{"aAcc": 73.9, "mIoU": 35.53, "mAcc": 47.36, "data_time": 0.022669829845428466, "time": 2.339752896428108}