{"aAcc": 59.4, "mIoU": 12.43, "mAcc": 17.76, "data_time": 0.0016795084476470947, "time": 0.48809484457969665}