{"aAcc": 81.71, "mIoU": 46.61, "mAcc": 57.57, "data_time": 0.0015839221477508545, "time": 0.1837414685487747}