{"aAcc": 93.26, "mIoU": 70.23, "mAcc": 80.01, "data_time": 0.0016662852364297239, "time": 1.17997269765355}