{"aAcc": 95.98, "mIoU": 78.18, "mAcc": 86.75, "data_time": 0.00599239444732666, "time": 0.675269079208374}