{"aAcc": 82.75, "mIoU": 31.96, "mAcc": 42.97, "data_time": 0.0018856819947889708, "time": 0.3868624792171397}