{"aAcc": 95.05, "mIoU": 78.16, "mAcc": 88.15, "data_time": 0.0018362855812530834, "time": 0.15308009072613765}