{"aAcc": 94.34, "mIoU": 74.8, "mAcc": 83.02, "data_time": 0.0017084616311588642, "time": 0.4712031374642403}