{"aAcc": 62.74, "mIoU": 23.9, "mAcc": 29.4, "data_time": 0.0025172903537750246, "time": 1.8162569041252137}