{"aAcc": 95.26, "mIoU": 77.07, "mAcc": 88.66, "data_time": 0.06748663425445557, "time": 4.151644949913025}