{"aAcc": 92.44, "mIoU": 67.48, "mAcc": 75.94, "data_time": 0.0016016654099490085, "time": 0.46187562264599746}