{"aAcc": 73.66, "mIoU": 34.87, "mAcc": 51.86, "data_time": 0.13996931367319793, "time": 0.40546863126050076}