{"aAcc": 8.93, "mIoU": 0.07, "mAcc": 0.67, "data_time": 0.0023492534160614014, "time": 3.221038680195808}