{"aAcc": 83.61, "mIoU": 50.27, "mAcc": 63.05, "data_time": 0.0016486257314682006, "time": 0.23619284999370574}