{"aAcc": 73.61, "mIoU": 25.02, "mAcc": 36.29, "data_time": 0.005366396903991699, "time": 4.675905662059784}