{"aAcc": 74.74, "mIoU": 27.22, "mAcc": 39.23, "data_time": 0.0021098540354137015, "time": 1.0132273115562191}