{"aAcc": 9.75, "mIoU": 0.79, "mAcc": 3.24, "data_time": 0.11579413509368897, "time": 6.765052696704864}