{"aAcc": 90.22, "mIoU": 64.79, "mAcc": 81.53, "data_time": 0.015639912925809726, "time": 4.479817437335818}