{"aAcc": 0.01, "mIoU": 0.0, "mAcc": 0.0, "data_time": 0.017265867710113524, "time": 3.599248610854149}