{"aAcc": 62.62, "mIoU": 22.07, "mAcc": 30.21, "data_time": 0.0016064398288726806, "time": 0.9435278760194779}