{"aAcc": 82.02, "mIoU": 46.38, "mAcc": 57.48, "data_time": 0.0016052156686782836, "time": 0.17790552031993867}