{"aAcc": 76.58, "mIoU": 41.69, "mAcc": 51.97, "data_time": 0.0016151233911514283, "time": 0.1964971137046814}