{"aAcc": 94.68, "mIoU": 68.32, "mAcc": 76.92, "data_time": 0.005137204170227051, "time": 1.2447808437347412}