{"aAcc": 84.1, "mIoU": 52.56, "mAcc": 64.3, "data_time": 0.0016363765001296997, "time": 0.2562428357601166}