{"aAcc": 77.07, "mIoU": 40.33, "mAcc": 54.87, "data_time": 0.023580177664756775, "time": 4.605427480340004}