{"aAcc": 94.33, "mIoU": 74.49, "mAcc": 81.92, "data_time": 0.0016804277855746084, "time": 0.3949953387571747}