{"aAcc": 92.81, "mIoU": 62.89, "mAcc": 71.19, "data_time": 0.0059689064025878905, "time": 0.4991928277015686}