{"aAcc": 77.49, "mIoU": 42.41, "mAcc": 58.19, "data_time": 0.023839821457862852, "time": 8.466291043639183}