{"aAcc": 78.88, "mIoU": 35.91, "mAcc": 61.4, "data_time": 0.002205104479055885, "time": 0.3507397977790806}