{"aAcc": 60.21, "mIoU": 20.53, "mAcc": 29.21, "data_time": 0.0015511510372161865, "time": 0.7290192705392837}