{"aAcc": 75.36, "mIoU": 38.11, "mAcc": 50.3, "data_time": 0.019795090675354003, "time": 5.503545670032501}