{"aAcc": 83.89, "mIoU": 52.41, "mAcc": 65.58, "data_time": 0.0022327582836151123, "time": 0.41344231700897216}