{"aAcc": 79.55, "mIoU": 34.64, "mAcc": 54.83, "data_time": 0.002092455402582246, "time": 0.5634985396251586}