{"aAcc": 0.02, "mIoU": 0.03, "mAcc": 0.14, "data_time": 0.0529366373768998, "time": 10.896593239654583}