{"aAcc": 78.1, "mIoU": 40.56, "mAcc": 51.72, "data_time": 0.0016531410217285156, "time": 0.3213192385435104}