{"aAcc": 81.46, "mIoU": 46.21, "mAcc": 58.11, "data_time": 0.0017403657436370849, "time": 0.9394999456405639}