{"aAcc": 93.91, "mIoU": 73.67, "mAcc": 82.76, "data_time": 0.0018305799893628654, "time": 0.12186861416650197}