{"aAcc": 0.03, "mIoU": 0.01, "mAcc": 0.01, "data_time": 0.01482904064655304, "time": 7.765238139629364}