{"aAcc": 74.87, "mIoU": 38.44, "mAcc": 50.94, "data_time": 0.00501748502254486, "time": 1.3909569163322448}