{"aAcc": 90.82, "mIoU": 58.61, "mAcc": 67.32, "data_time": 0.004525538921356201, "time": 1.6139337391853332}