{"aAcc": 29.64, "mIoU": 10.08, "mAcc": 16.05, "data_time": 0.009486923694610596, "time": 0.707458242893219}