{"aAcc": 93.26, "mIoU": 62.63, "mAcc": 74.43, "data_time": 0.006937746524810791, "time": 6.075982223033905}