{"aAcc": 74.36, "mIoU": 38.73, "mAcc": 51.76, "data_time": 0.0016569482088088989, "time": 1.1132191257476807}