{"aAcc": 79.73, "mIoU": 41.02, "mAcc": 50.83, "data_time": 0.00197356390953064, "time": 0.45316148912906645}