{"aAcc": 17.61, "mIoU": 0.96, "mAcc": 4.25, "data_time": 0.09702967786788941, "time": 20.80051197910309}