{"aAcc": 67.16, "mIoU": 29.0, "mAcc": 40.73, "data_time": 0.018130629897117615, "time": 4.959825229763985}