{"aAcc": 81.76, "mIoU": 46.73, "mAcc": 58.01, "data_time": 0.0019349485635757446, "time": 0.30338270676136014}