{"aAcc": 94.57, "mIoU": 75.88, "mAcc": 84.76, "data_time": 0.001587574855470098, "time": 0.5006683160717361}