{"aAcc": 81.26, "mIoU": 44.55, "mAcc": 55.22, "data_time": 0.0015739257335662842, "time": 0.33724579894542694}