{"aAcc": 86.41, "mIoU": 46.92, "mAcc": 53.13, "data_time": 0.0016551197109920062, "time": 0.6007042230615294}