{"aAcc": 82.92, "mIoU": 50.04, "mAcc": 68.54, "data_time": 0.13304803113044777, "time": 1.7467058979231735}