{"aAcc": 76.03, "mIoU": 46.31, "mAcc": 57.55, "data_time": 0.02149111032485962, "time": 0.5947246656417847}