{"aAcc": 78.67, "mIoU": 37.57, "mAcc": 63.08, "data_time": 0.002386899879671443, "time": 1.2489815650108027}