{"aAcc": 69.02, "mIoU": 28.45, "mAcc": 37.85, "data_time": 0.006986675381660461, "time": 1.1095851761102677}