{"aAcc": 93.54, "mIoU": 67.99, "mAcc": 75.5, "data_time": 0.004912456512451172, "time": 0.7573547053337097}