{"aAcc": 3.18, "mIoU": 0.43, "mAcc": 0.88, "data_time": 0.01807217538356781, "time": 5.337301425933838}