{"aAcc": 0.0, "mIoU": 0.0, "mAcc": 0.0, "data_time": 0.027549068450927736, "time": 4.979946011424064}