{"aAcc": 94.39, "mIoU": 75.05, "mAcc": 84.11, "data_time": 0.001614813478837102, "time": 0.5791521264899592}