{"aAcc": 81.3, "mIoU": 42.12, "mAcc": 51.17, "data_time": 0.00508810043334961, "time": 1.8242415142059327}