{"aAcc": 93.56, "mIoU": 61.3, "mAcc": 68.88, "data_time": 0.0053320441246032715, "time": 0.5133666124343872}