{"aAcc": 84.38, "mIoU": 43.1, "mAcc": 56.39, "data_time": 0.0016578188265003444, "time": 1.0982087938599623}