{"aAcc": 95.71, "mIoU": 81.17, "mAcc": 89.93, "data_time": 0.0020249325954313523, "time": 0.16517241943943822}