{"aAcc": 90.31, "mIoU": 52.27, "mAcc": 71.87, "data_time": 0.06816555023193359, "time": 4.699557917118073}