{"aAcc": 74.06, "mIoU": 34.65, "mAcc": 51.95, "data_time": 0.14690704063828944, "time": 0.28078411600272646}