{"aAcc": 67.84, "mIoU": 23.43, "mAcc": 29.65, "data_time": 0.008801664233207702, "time": 0.2917353175878525}