{"aAcc": 95.82, "mIoU": 77.51, "mAcc": 85.03, "data_time": 0.0047271566390991214, "time": 5.303836643218994}