{"base_lr": 4.9058558558558554e-05, "lr": 5.394045557706497e-06, "data_time": 0.08849812507629394, "loss": 0.39541944578289984, "loss_rpn_cls": 0.35229539692401884, "loss_rpn_bbox": 0.04312404800206423, "time": 10.120215764045716, "epoch": 1, "iter": 50, "memory": 24695, "step": 50}
