{"aAcc": 92.02, "mIoU": 55.81, "mAcc": 66.29, "data_time": 0.006625674247741699, "time": 5.9184509739875795}