{"aAcc": 91.8, "mIoU": 68.07, "mAcc": 79.19, "data_time": 0.0020293511547986353, "time": 1.3753520604904312}