{"aAcc": 80.81, "mIoU": 34.29, "mAcc": 41.18, "data_time": 0.004711814403533935, "time": 0.8746911625862122}