{"aAcc": 0.0, "mIoU": 0.0, "mAcc": 0.0, "data_time": 0.028755242466926574, "time": 4.702989293694496}