{"aAcc": 94.37, "mIoU": 68.8, "mAcc": 76.39, "data_time": 0.0084095139503479, "time": 36.39468521118164}