{"aAcc": 89.74, "mIoU": 61.63, "mAcc": 77.32, "data_time": 0.002017088805173001, "time": 1.0448581349693389}