{"aAcc": 91.94, "mIoU": 68.01, "mAcc": 79.62, "data_time": 0.0018686999774456354, "time": 0.23004360524763973}