{"aAcc": 62.46, "mIoU": 28.35, "mAcc": 38.61, "data_time": 0.004752434253692627, "time": 1.5103158693313599}