{"aAcc": 92.6, "mIoU": 64.71, "mAcc": 76.4, "data_time": 0.007965914726257324, "time": 0.7796399059295654}