{"aAcc": 37.66, "mIoU": 1.98, "mAcc": 5.26, "data_time": 0.0048961806297302245, "time": 5.600276776313782}