{"aAcc": 93.31, "mIoU": 71.98, "mAcc": 83.07, "data_time": 0.0017364138648623512, "time": 6.850803810946278}