{"aAcc": 92.4, "mIoU": 71.18, "mAcc": 84.14, "data_time": 0.001946085810743586, "time": 1.1655609510617884}