{"aAcc": 81.31, "mIoU": 45.38, "mAcc": 56.7, "data_time": 0.0016910275220870972, "time": 0.15489250910282135}