{"aAcc": 73.95, "mIoU": 27.75, "mAcc": 40.3, "data_time": 0.0049393453598022465, "time": 4.26565531873703}