{"aAcc": 0.13, "mIoU": 0.04, "mAcc": 0.07, "data_time": 0.0030247976779937745, "time": 1.481362911581993}