{"aAcc": 95.08, "mIoU": 77.56, "mAcc": 85.23, "data_time": 0.0016745194803031254, "time": 0.559279966058198}