{"aAcc": 86.58, "mIoU": 53.07, "mAcc": 62.35, "data_time": 0.0056677603721618655, "time": 1.8390312962532043}