{"aAcc": 82.67, "mIoU": 48.38, "mAcc": 61.24, "data_time": 0.0016435693502426147, "time": 0.21495745515823364}