{"aAcc": 81.16, "mIoU": 45.94, "mAcc": 59.29, "data_time": 0.0016593199968338013, "time": 0.11069207656383515}