{"aAcc": 1.89, "mIoU": 0.35, "mAcc": 1.73, "data_time": 0.11469332027435303, "time": 17.515637402534484}