{"aAcc": 93.65, "mIoU": 71.73, "mAcc": 80.69, "data_time": 0.0021878743352685983, "time": 1.193220631676431}