{"aAcc": 94.72, "mIoU": 70.4, "mAcc": 78.33, "data_time": 0.005502448558807373, "time": 5.029492210865021}