{"aAcc": 0.03, "mIoU": 0.01, "mAcc": 0.04, "data_time": 0.015751404298265034, "time": 4.665136432055361}