{"aAcc": 82.4, "mIoU": 48.25, "mAcc": 59.53, "data_time": 0.0017062969207763672, "time": 0.217584965467453}