{"aAcc": 82.6, "mIoU": 49.09, "mAcc": 60.67, "data_time": 0.0017143819332122803, "time": 0.22410824882984162}