{"aAcc": 96.71, "mIoU": 81.91, "mAcc": 88.28, "data_time": 0.004574889659881592, "time": 1.269092659473419}