{"aAcc": 85.62, "mIoU": 51.31, "mAcc": 70.93, "data_time": 0.01582033606213977, "time": 1.351098132182846}