{"aAcc": 92.44, "mIoU": 55.07, "mAcc": 63.57, "data_time": 0.00563370418548584, "time": 1.1704331154823304}