{"aAcc": 81.78, "mIoU": 47.01, "mAcc": 57.44, "data_time": 0.0021231529712677, "time": 0.29434833681583406}