{"aAcc": 85.73, "mIoU": 56.93, "mAcc": 68.98, "data_time": 0.0015336743593215942, "time": 0.42630392432212827}