{"aAcc": 96.62, "mIoU": 81.67, "mAcc": 87.82, "data_time": 0.005020394325256348, "time": 0.5563829712867737}