{"aAcc": 66.45, "mIoU": 31.22, "mAcc": 39.46, "data_time": 0.0047505760192871095, "time": 1.8237586789131164}