{"aAcc": 80.06, "mIoU": 42.53, "mAcc": 51.96, "data_time": 0.002049190878868103, "time": 0.3191450300216675}