{"aAcc": 41.6, "mIoU": 29.11, "mAcc": 37.07, "data_time": 0.005823360443115234, "time": 0.20760890197753906}