{"aAcc": 82.49, "mIoU": 37.49, "mAcc": 49.85, "data_time": 0.004688228607177734, "time": 3.9675903811454774}