{"aAcc": 92.97, "mIoU": 61.73, "mAcc": 72.49, "data_time": 0.005865485191345215, "time": 0.37856402444839476}