{"aAcc": 92.76, "mIoU": 66.01, "mAcc": 74.32, "data_time": 0.006235634803771973, "time": 0.6861892766952514}