{"aAcc": 91.4, "mIoU": 64.24, "mAcc": 75.33, "data_time": 0.001515489022759753, "time": 0.5229057342616173}