{"aAcc": 70.09, "mIoU": 26.15, "mAcc": 33.99, "data_time": 0.008611881732940673, "time": 0.3109858618974686}