{"aAcc": 92.92, "mIoU": 58.63, "mAcc": 67.36, "data_time": 0.005443541526794433, "time": 0.6532692666053772}