{"aAcc": 87.66, "mIoU": 48.26, "mAcc": 60.16, "data_time": 0.006115918159484863, "time": 0.6183039307594299}