{"aAcc": 0.06, "mIoU": 0.01, "mAcc": 0.02, "data_time": 0.019709455013275146, "time": 5.529504199147224}