{"aAcc": 37.66, "mIoU": 1.98, "mAcc": 5.26, "data_time": 0.0048337984085083, "time": 0.29544150161743166}