{"aAcc": 81.79, "mIoU": 47.41, "mAcc": 58.22, "data_time": 0.0015773006677627563, "time": 0.20700615417957305}