{"aAcc": 86.44, "mIoU": 52.52, "mAcc": 65.56, "data_time": 0.010008162975311279, "time": 6.208468455791474}