{"aAcc": 89.61, "mIoU": 59.37, "mAcc": 66.14, "data_time": 0.004696964740753174, "time": 1.1096116428375244}