{"aAcc": 67.04, "mIoU": 29.88, "mAcc": 36.78, "data_time": 0.0024373618364334107, "time": 2.1793373918533323}