{"aAcc": 74.71, "mIoU": 37.55, "mAcc": 50.14, "data_time": 0.01700505268573761, "time": 4.742254773616791}