{"aAcc": 94.07, "mIoU": 74.0, "mAcc": 81.9, "data_time": 0.0014868699081031268, "time": 0.375969920510502}