{"aAcc": 84.49, "mIoU": 43.27, "mAcc": 57.84, "data_time": 0.005451769828796387, "time": 6.230958611488342}