{"aAcc": 94.33, "mIoU": 74.49, "mAcc": 81.92, "data_time": 0.001500300985932597, "time": 0.3957160348477571}