{"aAcc": 79.27, "mIoU": 40.31, "mAcc": 49.92, "data_time": 0.002524425745010376, "time": 0.32613131511211396}