{"aAcc": 73.47, "mIoU": 35.23, "mAcc": 47.22, "data_time": 0.0015980453491210938, "time": 1.1714857689142226}