{"aAcc": 75.55, "mIoU": 37.29, "mAcc": 49.19, "data_time": 0.018290897846221923, "time": 2.393309074282646}