{"aAcc": 79.0, "mIoU": 46.07, "mAcc": 60.94, "data_time": 0.02505545151233673, "time": 22.56356321001053}