{"aAcc": 59.98, "mIoU": 28.54, "mAcc": 47.69, "data_time": 0.10969069993720865, "time": 3.533002810658149}