{"aAcc": 84.5, "mIoU": 53.91, "mAcc": 66.64, "data_time": 0.015616556763648986, "time": 0.4976935493946075}