{"aAcc": 88.11, "mIoU": 61.01, "mAcc": 70.16, "data_time": 0.061390986919403076, "time": 1.2643426656723022}