{"aAcc": 82.46, "mIoU": 37.03, "mAcc": 45.83, "data_time": 0.006375936985015869, "time": 1.7249053859710692}