{"aAcc": 79.47, "mIoU": 41.48, "mAcc": 54.57, "data_time": 0.0018855228424072266, "time": 6.434764826655388}