{"aAcc": 87.23, "mIoU": 48.39, "mAcc": 56.98, "data_time": 0.0046860122680664066, "time": 0.44100302982330325}