{"aAcc": 95.0, "mIoU": 78.87, "mAcc": 90.37, "data_time": 0.0018512134802102878, "time": 0.17545879421931782}