{"aAcc": 64.5, "mIoU": 20.04, "mAcc": 27.3, "data_time": 0.001806341290473938, "time": 0.3327354394197464}