{"aAcc": 94.06, "mIoU": 68.71, "mAcc": 75.64, "data_time": 0.02465445613861084, "time": 0.7154383139610291}