{"aAcc": 95.24, "mIoU": 79.53, "mAcc": 89.15, "data_time": 0.0018969128426393202, "time": 0.9627941646931334}