{"aAcc": 70.42, "mIoU": 24.56, "mAcc": 33.79, "data_time": 0.005172329425811768, "time": 0.6919952049255371}