{"aAcc": 68.53, "mIoU": 26.88, "mAcc": 35.2, "data_time": 0.002162248134613037, "time": 0.42284400963783264}