{"aAcc": 32.01, "mIoU": 3.25, "mAcc": 5.51, "data_time": 0.0023721673488616944, "time": 3.1654493560791015}