{"aAcc": 91.77, "mIoU": 66.35, "mAcc": 80.34, "data_time": 0.001966786927564791, "time": 6.815455005611527}