{"aAcc": 88.22, "mIoU": 60.7, "mAcc": 78.96, "data_time": 0.01630333491734096, "time": 5.58552344640096}