{"aAcc": 95.56, "mIoU": 75.67, "mAcc": 83.39, "data_time": 0.008396594524383546, "time": 5.7845070362091064}