{"aAcc": 83.53, "mIoU": 51.17, "mAcc": 63.64, "data_time": 0.002517043590545654, "time": 0.25946053087711335}