{"aAcc": 94.38, "mIoU": 71.77, "mAcc": 79.43, "data_time": 0.004861593246459961, "time": 1.2338550300598146}