{"aAcc": 93.27, "mIoU": 71.76, "mAcc": 84.0, "data_time": 0.001933102281937688, "time": 0.1586735414751157}