{"aAcc": 95.67, "mIoU": 75.48, "mAcc": 83.09, "data_time": 0.004712247371673584, "time": 0.1483754153251648}