{"aAcc": 90.77, "mIoU": 58.12, "mAcc": 65.59, "data_time": 0.004495188236236573, "time": 0.48476452445983886}