{"aAcc": 3.47, "mIoU": 0.49, "mAcc": 1.32, "data_time": 0.017889110803604127, "time": 1.6425937563180923}