{"aAcc": 53.7, "mIoU": 41.62, "mAcc": 50.54, "data_time": 0.005261688232421875, "time": 0.596940378189087}