{"aAcc": 86.25, "mIoU": 48.9, "mAcc": 61.24, "data_time": 0.1605009422302246, "time": 7.422710027217865}