{"aAcc": 11.23, "mIoU": 5.59, "mAcc": 21.06, "data_time": 0.015602409798495106, "time": 5.332347382340783}