{"aAcc": 78.32, "mIoU": 51.79, "mAcc": 60.83, "data_time": 0.004529129981994629, "time": 0.36722751140594484}