{"aAcc": 80.91, "mIoU": 43.61, "mAcc": 55.29, "data_time": 0.0021164283752441405, "time": 0.1929200803041458}