{"aAcc": 92.99, "mIoU": 69.76, "mAcc": 77.19, "data_time": 0.001704948700403986, "time": 0.4030500172416945}