{"aAcc": 84.51, "mIoU": 53.76, "mAcc": 63.9, "data_time": 0.0016187235116958618, "time": 0.46457482874393463}