{"aAcc": 0.02, "mIoU": 0.03, "mAcc": 0.08, "data_time": 0.017775168659112797, "time": 4.310794741635162}