{"aAcc": 92.98, "mIoU": 67.55, "mAcc": 74.31, "data_time": 0.01181224250793457, "time": 0.7626364412307739}