{"aAcc": 94.8, "mIoU": 76.62, "mAcc": 85.48, "data_time": 0.0015035394638303727, "time": 0.3664598861507418}