{"aAcc": 73.95, "mIoU": 27.75, "mAcc": 40.3, "data_time": 0.0053813991546630855, "time": 4.436493990421295}