{"aAcc": 80.85, "mIoU": 44.04, "mAcc": 55.25, "data_time": 0.001738339900970459, "time": 0.22174623155593873}