{"aAcc": 4.21, "mIoU": 0.33, "mAcc": 1.5, "data_time": 0.11574805688858032, "time": 23.367986651897432}