{"aAcc": 97.0, "mIoU": 83.6, "mAcc": 89.32, "data_time": 0.005721344947814942, "time": 1.8194609766006469}