{"aAcc": 82.87, "mIoU": 36.11, "mAcc": 46.87, "data_time": 0.005031121730804443, "time": 4.217132471561432}