{"aAcc": 83.69, "mIoU": 37.56, "mAcc": 47.16, "data_time": 0.005096681594848633, "time": 0.43583944177627565}