{"aAcc": 92.72, "mIoU": 67.98, "mAcc": 78.28, "data_time": 0.0020038910451800843, "time": 1.1839720748719715}