{"aAcc": 85.44, "mIoU": 44.67, "mAcc": 61.27, "data_time": 0.013765340183750361, "time": 0.9723885729034824}