{"aAcc": 84.22, "mIoU": 39.03, "mAcc": 50.26, "data_time": 0.00819948387145996, "time": 5.88426252746582}