{"aAcc": 91.88, "mIoU": 67.07, "mAcc": 81.28, "data_time": 0.002024612894051646, "time": 0.8763201397974134}