{"aAcc": 60.43, "mIoU": 21.36, "mAcc": 26.58, "data_time": 0.0022735055685043333, "time": 1.4609151227474213}