{"aAcc": 2.21, "mIoU": 0.29, "mAcc": 0.6, "data_time": 0.015254594564437866, "time": 5.279413590192795}