{"aAcc": 94.14, "mIoU": 74.86, "mAcc": 84.83, "data_time": 0.001687470923792995, "time": 0.4186814188381324}