{"aAcc": 90.68, "mIoU": 59.32, "mAcc": 68.91, "data_time": 0.004638766765594483, "time": 1.797696810245514}