{"aAcc": 78.5, "mIoU": 28.45, "mAcc": 34.72, "data_time": 0.00476464033126831, "time": 0.4919711275100708}