{"aAcc": 83.0, "mIoU": 48.57, "mAcc": 62.14, "data_time": 0.015518540978431701, "time": 0.3361386593580246}