{"aAcc": 77.1, "mIoU": 31.67, "mAcc": 38.42, "data_time": 0.00453745698928833, "time": 1.757880500793457}