{"aAcc": 85.92, "mIoU": 50.47, "mAcc": 63.41, "data_time": 0.00849467134475708, "time": 6.087028233528137}