{"aAcc": 93.49, "mIoU": 71.43, "mAcc": 80.18, "data_time": 0.002327433613105179, "time": 1.1959358525325545}