{"aAcc": 63.69, "mIoU": 20.68, "mAcc": 27.37, "data_time": 0.0020991286039352417, "time": 0.8770689406394958}