{"aAcc": 66.66, "mIoU": 27.33, "mAcc": 36.67, "data_time": 0.005233474016189575, "time": 1.3667538526058196}