{"aAcc": 82.92, "mIoU": 49.66, "mAcc": 61.45, "data_time": 0.002421105146408081, "time": 0.3751731200218201}