{"aAcc": 82.54, "mIoU": 47.86, "mAcc": 59.81, "data_time": 0.0016557226181030274, "time": 0.33334661030769347}