{"aAcc": 71.23, "mIoU": 30.74, "mAcc": 42.09, "data_time": 0.0024673789739608765, "time": 1.084509097456932}