{"aAcc": 85.94, "mIoU": 51.72, "mAcc": 65.34, "data_time": 0.00582879638671875, "time": 6.439095228672028}