{"aAcc": 80.85, "mIoU": 45.43, "mAcc": 57.06, "data_time": 0.0016270707845687867, "time": 0.9132831389904023}