{"aAcc": 84.9, "mIoU": 42.69, "mAcc": 58.7, "data_time": 0.002024109236860045, "time": 0.271832605655478}