{"aAcc": 78.3, "mIoU": 40.13, "mAcc": 50.13, "data_time": 0.0021741559505462646, "time": 1.0715558055639267}