{"aAcc": 86.9, "mIoU": 48.44, "mAcc": 60.79, "data_time": 0.007146486759185791, "time": 1.8805199437141418}