{"aAcc": 80.12, "mIoU": 42.39, "mAcc": 52.94, "data_time": 0.0017461098432540894, "time": 0.18499419999122618}