{"aAcc": 75.2, "mIoU": 38.83, "mAcc": 51.97, "data_time": 0.01408526337146759, "time": 5.550906930685043}