{"aAcc": 51.88, "mIoU": 40.9, "mAcc": 49.77, "data_time": 0.004610782146453858, "time": 0.46273360919952394}