{"aAcc": 94.54, "mIoU": 76.88, "mAcc": 86.36, "data_time": 0.0019454717471568317, "time": 0.17649473232429877}