{"aAcc": 80.34, "mIoU": 43.92, "mAcc": 65.3, "data_time": 0.015335419821360755, "time": 6.784203350173761}