{"aAcc": 78.54, "mIoU": 39.48, "mAcc": 49.48, "data_time": 0.0023296215534210204, "time": 0.34210683846473694}