{"aAcc": 79.8, "mIoU": 32.78, "mAcc": 45.4, "data_time": 0.006242026329040527, "time": 4.140146823406219}