{"aAcc": 8.92, "mIoU": 0.07, "mAcc": 0.67, "data_time": 0.002573868155479431, "time": 3.0645214380025863}