{"aAcc": 24.76, "mIoU": 2.03, "mAcc": 3.52, "data_time": 0.0033234776258468626, "time": 5.487911335468292}