{"aAcc": 76.52, "mIoU": 34.9, "mAcc": 45.37, "data_time": 0.0017556871175765992, "time": 0.2519404389858246}