{"aAcc": 95.97, "mIoU": 76.89, "mAcc": 84.76, "data_time": 0.12484559869766235, "time": 0.197305850982666}