{"aAcc": 86.95, "mIoU": 62.81, "mAcc": 74.87, "data_time": 0.1305878174128791, "time": 1.7947425061258777}