{"aAcc": 93.71, "mIoU": 71.72, "mAcc": 80.11, "data_time": 0.0025563927828813108, "time": 1.2943667982100124}