{"aAcc": 73.85, "mIoU": 38.08, "mAcc": 52.43, "data_time": 0.030110862731933592, "time": 9.621658846974373}