{"aAcc": 82.04, "mIoU": 46.7, "mAcc": 57.58, "data_time": 0.004471207857131958, "time": 0.32621862852573397}