{"aAcc": 92.55, "mIoU": 67.43, "mAcc": 76.69, "data_time": 0.0023184880624564455, "time": 7.101438738544535}