{"aAcc": 63.99, "mIoU": 23.02, "mAcc": 32.68, "data_time": 0.0016224629878997803, "time": 0.7714291591644287}