{"aAcc": 95.48, "mIoU": 74.44, "mAcc": 81.79, "data_time": 0.004574231147766113, "time": 0.19693644857406617}