{"aAcc": 95.75, "mIoU": 77.69, "mAcc": 85.57, "data_time": 0.009207298755645752, "time": 46.60431097698212}