{"aAcc": 82.06, "mIoU": 47.14, "mAcc": 58.81, "data_time": 0.0017136095762252809, "time": 0.32102661454677583}