{"aAcc": 95.94, "mIoU": 77.49, "mAcc": 83.76, "data_time": 0.004418093204498291, "time": 0.3023974485397339}