{"aAcc": 93.64, "mIoU": 63.33, "mAcc": 72.64, "data_time": 0.007078295707702637, "time": 41.47200812673569}