{"aAcc": 90.89, "mIoU": 61.67, "mAcc": 72.46, "data_time": 0.0026521047614540536, "time": 0.4532005607547062}