{"aAcc": 94.35, "mIoU": 75.12, "mAcc": 83.65, "data_time": 0.0017237288117655564, "time": 0.4238692253025916}