{"aAcc": 74.85, "mIoU": 38.83, "mAcc": 52.47, "data_time": 0.0017228066921234132, "time": 1.1390100396871568}