{"aAcc": 81.52, "mIoU": 46.08, "mAcc": 56.48, "data_time": 0.001568693995475769, "time": 0.12881762504577637}