{"aAcc": 80.97, "mIoU": 45.07, "mAcc": 57.0, "data_time": 0.0019977610111236574, "time": 0.1993852789402008}