{"aAcc": 73.57, "mIoU": 36.23, "mAcc": 48.56, "data_time": 0.0022340188026428224, "time": 1.1377450807094573}