{"aAcc": 90.25, "mIoU": 57.41, "mAcc": 67.67, "data_time": 0.005204203128814697, "time": 0.5573576908111573}