{"aAcc": 82.49, "mIoU": 48.96, "mAcc": 62.58, "data_time": 0.0056128202676773075, "time": 0.27427600586414336}