{"aAcc": 3.42, "mIoU": 0.31, "mAcc": 0.66, "data_time": 0.01687443482875824, "time": 4.384981516122818}