{"aAcc": 92.36, "mIoU": 61.85, "mAcc": 72.39, "data_time": 0.10250936937332153, "time": 20.67691416835785}