{"aAcc": 80.04, "mIoU": 42.09, "mAcc": 51.94, "data_time": 0.0017853286266326905, "time": 6.677084172725677}