{"aAcc": 86.25, "mIoU": 52.18, "mAcc": 65.44, "data_time": 0.006325648784637451, "time": 5.924494749069214}