{"aAcc": 73.9, "mIoU": 37.89, "mAcc": 50.54, "data_time": 0.017485660195350645, "time": 5.35292481136322}