{"aAcc": 94.58, "mIoU": 75.28, "mAcc": 84.31, "data_time": 0.0018120280950953008, "time": 0.33490048136029926}