{"aAcc": 67.73, "mIoU": 23.98, "mAcc": 36.02, "data_time": 0.004586398601531982, "time": 4.063328020572662}