{"aAcc": 0.66, "mIoU": 0.1, "mAcc": 0.32, "data_time": 0.026819576501846312, "time": 7.270393020033836}