{"aAcc": 83.29, "mIoU": 51.26, "mAcc": 62.57, "data_time": 0.0016621474027633666, "time": 0.4448279181718826}