{"aAcc": 84.89, "mIoU": 55.3, "mAcc": 67.3, "data_time": 0.0016449340581893921, "time": 0.4544169534444809}