{"aAcc": 85.76, "mIoU": 49.73, "mAcc": 63.1, "data_time": 0.004562856674194336, "time": 5.884298451900483}