{"aAcc": 80.11, "mIoU": 43.25, "mAcc": 53.81, "data_time": 0.0019622851610183716, "time": 0.21264754164218902}