{"aAcc": 96.83, "mIoU": 83.18, "mAcc": 88.99, "data_time": 0.09909029197692872, "time": 1.3570833826065063}