{"aAcc": 90.99, "mIoU": 61.83, "mAcc": 72.59, "data_time": 0.002821044151827415, "time": 0.5176549655474656}