{"aAcc": 80.29, "mIoU": 43.28, "mAcc": 53.11, "data_time": 0.0016441727876663208, "time": 0.3351104761362076}