{"lr": 0.009997271253657354, "data_time": 0.005543994903564453, "loss": 2.9299124479293823, "decode.loss_ce": 2.1149184703826904, "decode.acc_seg": 33.20140838623047, "aux.loss_ce": 0.8149940133094787, "aux.acc_seg": 32.90672302246094, "time": 0.31893172264099123, "iter": 50, "memory": 14716, "step": 50}
{"lr": 0.00999448673244192, "data_time": 0.005543947219848633, "loss": 2.7303736090660093, "decode.loss_ce": 1.997079062461853, "decode.acc_seg": 51.87430953979492, "aux.loss_ce": 0.7332945138216018, "aux.acc_seg": 53.93574905395508, "time": 0.31918308734893797, "iter": 100, "memory": 5316, "step": 100}
{"lr": 0.00999170212415443, "data_time": 0.005523848533630371, "loss": 2.791781723499298, "decode.loss_ce": 2.0444938242435455, "decode.acc_seg": 68.03234100341797, "aux.loss_ce": 0.7472878754138946, "aux.acc_seg": 69.31986999511719, "time": 0.31738522052764895, "iter": 150, "memory": 5316, "step": 150}
