{"aAcc": 81.87, "mIoU": 34.51, "mAcc": 44.01, "data_time": 0.006306379795074463, "time": 0.6763888664245605}