{"aAcc": 95.1, "mIoU": 78.06, "mAcc": 87.6, "data_time": 0.002004022019085512, "time": 0.14528526463452662}