{"aAcc": 0.01, "mIoU": 0.0, "mAcc": 0.0, "data_time": 0.01756027901172638, "time": 6.423402056932449}