{"aAcc": 85.95, "mIoU": 50.52, "mAcc": 63.42, "data_time": 0.004713733196258545, "time": 5.608416655540466}