{"aAcc": 93.67, "mIoU": 70.93, "mAcc": 78.41, "data_time": 0.004697032928466797, "time": 0.4018323941230774}