{"aAcc": 85.25, "mIoU": 55.07, "mAcc": 67.36, "data_time": 0.0019135221242904663, "time": 0.7958386706113816}