{"aAcc": 18.32, "mIoU": 1.49, "mAcc": 3.11, "data_time": 0.002424478530883789, "time": 2.5581783546209333}