{"aAcc": 95.48, "mIoU": 73.95, "mAcc": 81.69, "data_time": 0.00536594009399414, "time": 42.16995524072647}