{"aAcc": 47.42, "mIoU": 29.3, "mAcc": 39.25, "data_time": 0.005876097202301025, "time": 0.33486252498626706}