{"aAcc": 2.79, "mIoU": 0.6, "mAcc": 2.48, "data_time": 0.01573494303226471, "time": 8.24259580039978}