{"aAcc": 91.73, "mIoU": 55.7, "mAcc": 65.14, "data_time": 0.004980537414550781, "time": 0.3973363375663757}