{"aAcc": 0.59, "mIoU": 0.17, "mAcc": 0.74, "data_time": 0.06068947756290436, "time": 9.497559485554696}