{"aAcc": 88.55, "mIoU": 55.88, "mAcc": 67.36, "data_time": 0.13158061790466308, "time": 23.42154836177826}