{"aAcc": 86.23, "mIoU": 52.03, "mAcc": 64.94, "data_time": 0.1289626259803772, "time": 6.514555507659912}