{"aAcc": 79.02, "mIoU": 42.24, "mAcc": 51.45, "data_time": 0.0027269560098648073, "time": 0.3488098026514053}