{"aAcc": 76.47, "mIoU": 39.62, "mAcc": 49.71, "data_time": 0.0017522886991500855, "time": 0.443880680680275}