{"aAcc": 95.63, "mIoU": 76.06, "mAcc": 83.11, "data_time": 0.00911604642868042, "time": 0.4203225798606873}