{"aAcc": 90.06, "mIoU": 60.98, "mAcc": 74.12, "data_time": 0.0018935442135365277, "time": 0.8685762780217815}