{"aAcc": 86.26, "mIoU": 51.39, "mAcc": 65.94, "data_time": 0.007728153228759765, "time": 6.832492299079895}