{"aAcc": 91.74, "mIoU": 66.23, "mAcc": 78.52, "data_time": 0.0019142339770920611, "time": 0.8699871335381718}