{"aAcc": 89.09, "mIoU": 47.83, "mAcc": 58.21, "data_time": 0.005382164001464844, "time": 1.9300913391113281}