{"aAcc": 94.33, "mIoU": 66.54, "mAcc": 74.49, "data_time": 0.005436154842376709, "time": 0.26535626554489133}