{"aAcc": 96.36, "mIoU": 79.96, "mAcc": 88.01, "data_time": 0.007563175201416016, "time": 0.402245539188385}