{"aAcc": 91.72, "mIoU": 67.72, "mAcc": 78.5, "data_time": 0.0017069602029088286, "time": 1.3623477797248267}