{"aAcc": 92.53, "mIoU": 67.76, "mAcc": 79.15, "data_time": 0.001920486993835744, "time": 0.5010213777885674}