{"aAcc": 79.06, "mIoU": 41.98, "mAcc": 52.28, "data_time": 0.00173271644115448, "time": 0.23083930397033692}