{"aAcc": 94.8, "mIoU": 76.62, "mAcc": 85.48, "data_time": 0.0014616250169120879, "time": 0.36712166520955236}