{"aAcc": 0.42, "mIoU": 0.09, "mAcc": 0.34, "data_time": 0.016178750872612, "time": 1.2535138790607452}