{"aAcc": 76.41, "mIoU": 43.41, "mAcc": 55.9, "data_time": 0.0026364104747772215, "time": 0.2597242450714111}