{"aAcc": 91.89, "mIoU": 70.39, "mAcc": 78.12, "data_time": 0.12914912033081055, "time": 0.674820207118988}