{"aAcc": 82.32, "mIoU": 47.44, "mAcc": 59.0, "data_time": 0.0016108804941177368, "time": 0.18833646035194396}