{"aAcc": 96.29, "mIoU": 79.91, "mAcc": 86.37, "data_time": 0.004645012378692627, "time": 0.5874002876281739}