{"aAcc": 92.11, "mIoU": 55.2, "mAcc": 64.57, "data_time": 0.005184325218200683, "time": 0.27608856773376467}