{"aAcc": 94.67, "mIoU": 75.89, "mAcc": 83.53, "data_time": 0.0016839298566840614, "time": 0.5245966118232722}