{"aAcc": 96.17, "mIoU": 79.3, "mAcc": 86.1, "data_time": 0.13041932678222656, "time": 6.107730951309204}