{"aAcc": 95.07, "mIoU": 78.72, "mAcc": 88.33, "data_time": 0.00199582742937192, "time": 0.15060153033833737}