{"aAcc": 79.97, "mIoU": 43.82, "mAcc": 53.3, "data_time": 0.0021300115585327147, "time": 0.36668669056892395}