{"aAcc": 72.44, "mIoU": 29.39, "mAcc": 37.18, "data_time": 0.011876039266586303, "time": 0.4462040041685104}