{"base_lr": 9.018918918918918e-06, "lr": 9.91640622132031e-07, "data_time": 0.031508255004882815, "loss": 2.979109787940979, "loss_cls": 1.0982772946357726, "loss_bbox": 1.1699866771697998, "loss_centerness": 0.7108458399772644, "time": 10.141663336753846, "iter": 10, "memory": 24088, "step": 10}
{"coco/bbox_mAP": 0.0, "coco/bbox_mAP_50": 0.0, "coco/bbox_mAP_75": 0.0, "coco/bbox_mAP_s": 0.0, "coco/bbox_mAP_m": 0.0, "coco/bbox_mAP_l": 0.0, "data_time": 0.0017641448974609374, "time": 0.07809674091339111, "step": 10}
{"base_lr": 1.9028828828828827e-05, "lr": 2.092241856025647e-06, "data_time": 5.0767611265182495, "loss": 2.862869071960449, "loss_cls": 0.9990407943725585, "loss_bbox": 1.1756953954696656, "loss_centerness": 0.6881328582763672, "time": 14.807632994651794, "iter": 20, "memory": 24088, "step": 20}
{"coco/bbox_mAP": 0.0, "coco/bbox_mAP_50": 0.0, "coco/bbox_mAP_75": 0.0, "coco/bbox_mAP_s": 0.0, "coco/bbox_mAP_m": 0.0, "coco/bbox_mAP_l": 0.0, "data_time": 0.0018177952582396119, "time": 0.0787809256004634, "step": 20}
