{"aAcc": 80.78, "mIoU": 43.33, "mAcc": 53.68, "data_time": 0.0018408539295196532, "time": 0.31024378859996793}