{"aAcc": 95.93, "mIoU": 81.83, "mAcc": 90.05, "data_time": 0.0018592422135210267, "time": 0.10861620695694633}