{"aAcc": 74.33, "mIoU": 37.3, "mAcc": 51.82, "data_time": 0.001641824722290039, "time": 1.0114840751886367}