{"aAcc": 93.7, "mIoU": 71.89, "mAcc": 81.74, "data_time": 0.0018465525533019303, "time": 0.33457499639670385}