{"aAcc": 85.06, "mIoU": 43.71, "mAcc": 55.79, "data_time": 0.0016367458490933772, "time": 1.0968705373767986}