{"aAcc": 85.32, "mIoU": 55.2, "mAcc": 66.27, "data_time": 0.0022693790197372437, "time": 0.7704846827983857}