{"aAcc": 95.42, "mIoU": 75.2, "mAcc": 83.95, "data_time": 0.004538604736328125, "time": 0.563961865901947}