{"aAcc": 4.28, "mIoU": 0.95, "mAcc": 2.37, "data_time": 0.026806053280830383, "time": 8.458800278425217}