{"aAcc": 96.52, "mIoU": 81.04, "mAcc": 87.62, "data_time": 0.004903979778289795, "time": 1.223604748249054}