{"aAcc": 72.93, "mIoU": 34.42, "mAcc": 46.11, "data_time": 0.0016929636001586914, "time": 1.1926056916713714}