{"aAcc": 64.31, "mIoU": 24.97, "mAcc": 32.53, "data_time": 0.0017016725540161134, "time": 0.8408742225170136}