{"aAcc": 95.71, "mIoU": 81.17, "mAcc": 89.93, "data_time": 0.0019482327297360754, "time": 0.16460193840695547}