{"aAcc": 96.61, "mIoU": 81.37, "mAcc": 88.0, "data_time": 0.004923985481262207, "time": 0.6858654217720032}