{"aAcc": 92.49, "mIoU": 61.5, "mAcc": 77.92, "data_time": 0.06782631397247314, "time": 3.7561012434959413}