{"aAcc": 71.28, "mIoU": 28.6, "mAcc": 37.71, "data_time": 0.0016327645778656005, "time": 0.2778555924892426}