{"aAcc": 96.2, "mIoU": 79.57, "mAcc": 86.35, "data_time": 0.005301456451416015, "time": 5.5789777302742}