{"aAcc": 94.33, "mIoU": 74.49, "mAcc": 81.92, "data_time": 0.0014439362999157219, "time": 0.41927009092848244}