{"aAcc": 96.14, "mIoU": 78.64, "mAcc": 85.34, "data_time": 0.024787774085998537, "time": 1.693153193473816}