{"aAcc": 95.42, "mIoU": 75.2, "mAcc": 83.95, "data_time": 0.00543059253692627, "time": 0.6223235158920288}