{"aAcc": 75.17, "mIoU": 39.15, "mAcc": 54.31, "data_time": 0.016792116045951842, "time": 8.874785180568695}