{"aAcc": 95.42, "mIoU": 75.86, "mAcc": 86.45, "data_time": 0.005265722751617432, "time": 0.5244360933303833}