{"aAcc": 54.16, "mIoU": 10.54, "mAcc": 15.73, "data_time": 0.0017437205314636231, "time": 1.246371600627899}