{"aAcc": 95.0, "mIoU": 72.72, "mAcc": 82.99, "data_time": 0.005643226146697998, "time": 0.3884946208000183}