{"aAcc": 81.61, "mIoU": 45.9, "mAcc": 57.39, "data_time": 0.0017047481536865234, "time": 0.2113772747516632}