{"aAcc": 76.7, "mIoU": 34.96, "mAcc": 44.75, "data_time": 0.0016049656867980957, "time": 0.1288764373064041}