{"aAcc": 80.63, "mIoU": 43.01, "mAcc": 53.67, "data_time": 0.005402178764343262, "time": 0.22899878644943236}