{"aAcc": 80.03, "mIoU": 41.78, "mAcc": 51.65, "data_time": 0.0022616863250732424, "time": 0.46167748534679415}