{"aAcc": 85.86, "mIoU": 49.96, "mAcc": 62.92, "data_time": 0.004800517082214356, "time": 5.63979802274704}