{"aAcc": 37.66, "mIoU": 1.98, "mAcc": 5.26, "data_time": 0.005246623516082764, "time": 1.5713482785224915}