{"aAcc": 87.76, "mIoU": 46.7, "mAcc": 55.48, "data_time": 0.004980453968048096, "time": 0.611026638507843}