{"aAcc": 95.19, "mIoU": 78.34, "mAcc": 86.0, "data_time": 0.0019444769378198765, "time": 0.5507593049601573}