{"aAcc": 87.68, "mIoU": 49.5, "mAcc": 60.56, "data_time": 0.004964576244354248, "time": 0.48523448991775514}