{"aAcc": 75.23, "mIoU": 37.11, "mAcc": 48.82, "data_time": 0.0016047191619873048, "time": 0.1456731833219528}