{"aAcc": 69.75, "mIoU": 30.05, "mAcc": 41.4, "data_time": 0.01641257131099701, "time": 1.5639689934253693}