{"aAcc": 93.84, "mIoU": 61.9, "mAcc": 70.36, "data_time": 0.007401782035827637, "time": 1.5009537744522095}