{"aAcc": 73.39, "mIoU": 34.99, "mAcc": 46.66, "data_time": 0.0017382397651672364, "time": 1.2472367539405822}