{"aAcc": 95.09, "mIoU": 72.88, "mAcc": 81.53, "data_time": 0.03519478130340576, "time": 1.3706924538612366}