{"aAcc": 55.03, "mIoU": 10.23, "mAcc": 14.92, "data_time": 0.0017075247764587402, "time": 0.46266292548179627}