{"aAcc": 91.52, "mIoU": 60.48, "mAcc": 71.82, "data_time": 0.12620468187332154, "time": 18.911977260589598}