{"aAcc": 96.37, "mIoU": 79.96, "mAcc": 86.87, "data_time": 0.05253701066970825, "time": 2.7241814165115357}