{"aAcc": 67.73, "mIoU": 23.98, "mAcc": 36.02, "data_time": 0.006594377040863037, "time": 4.904181779384613}