{"aAcc": 0.74, "mIoU": 0.3, "mAcc": 0.8, "data_time": 0.03064372420310974, "time": 4.430340426325798}