{"aAcc": 83.85, "mIoU": 52.07, "mAcc": 62.35, "data_time": 0.0020684894323349, "time": 0.9239776470661163}