{"aAcc": 61.82, "mIoU": 22.67, "mAcc": 28.72, "data_time": 0.005533543586730957, "time": 1.0368706302642823}