{"aAcc": 95.14, "mIoU": 72.89, "mAcc": 81.31, "data_time": 0.004777493000030518, "time": 5.026419162273407}