{"aAcc": 65.97, "mIoU": 31.03, "mAcc": 39.23, "data_time": 0.004619271278381348, "time": 1.844990459918976}