{"aAcc": 95.06, "mIoU": 75.68, "mAcc": 83.54, "data_time": 0.0072048258781433104, "time": 0.7178559927940369}