{"aAcc": 79.45, "mIoU": 43.01, "mAcc": 65.86, "data_time": 0.039621462074948474, "time": 9.296340504212573}