{"aAcc": 41.81, "mIoU": 12.36, "mAcc": 17.31, "data_time": 0.00792078924179077, "time": 0.6038205337524414}