{"aAcc": 84.78, "mIoU": 42.11, "mAcc": 56.48, "data_time": 0.0020918268594682585, "time": 0.28091173060109814}