{"aAcc": 90.88, "mIoU": 65.16, "mAcc": 78.73, "data_time": 0.0018840466309120278, "time": 1.1185208211033981}