{"aAcc": 79.66, "mIoU": 40.16, "mAcc": 49.74, "data_time": 0.0020566082000732424, "time": 0.3275016740560532}