{"aAcc": 82.72, "mIoU": 49.0, "mAcc": 60.61, "data_time": 0.003870873928070068, "time": 8.016750846147538}