{"aAcc": 7.71, "mIoU": 0.52, "mAcc": 2.27, "data_time": 0.09734088373184203, "time": 13.741317492008209}