{"aAcc": 93.18, "mIoU": 62.87, "mAcc": 74.17, "data_time": 0.005807631969451904, "time": 39.48353914260864}