{"aAcc": 4.25, "mIoU": 0.81, "mAcc": 4.09, "data_time": 0.014330536846953314, "time": 1.9874506653219028}