{"aAcc": 89.58, "mIoU": 54.31, "mAcc": 63.47, "data_time": 0.005472237110137939, "time": 0.9542618889808655}