{"aAcc": 78.37, "mIoU": 47.07, "mAcc": 58.84, "data_time": 0.012592668175697326, "time": 0.2630711236000061}