{"aAcc": 60.22, "mIoU": 17.73, "mAcc": 25.52, "data_time": 0.001639536142349243, "time": 0.7147813168764114}