{"aAcc": 72.95, "mIoU": 33.47, "mAcc": 41.27, "data_time": 0.0022790117263793946, "time": 0.3125713609457016}