{"aAcc": 83.35, "mIoU": 50.46, "mAcc": 62.68, "data_time": 0.01589817452430725, "time": 0.6678787660598755}