{"aAcc": 84.72, "mIoU": 47.95, "mAcc": 54.69, "data_time": 0.004504482746124267, "time": 0.6014400424957276}