{"aAcc": 91.77, "mIoU": 52.67, "mAcc": 61.68, "data_time": 0.005545341014862061, "time": 5.072850920200348}