{"aAcc": 95.62, "mIoU": 80.65, "mAcc": 89.93, "data_time": 0.0019347907922611803, "time": 0.1771109780416232}