{"aAcc": 82.53, "mIoU": 31.79, "mAcc": 42.83, "data_time": 0.0018623209229989904, "time": 0.25816527854334986}