{"aAcc": 92.54, "mIoU": 60.1, "mAcc": 73.43, "data_time": 0.12498291921615601, "time": 11.580599789619447}