{"aAcc": 89.15, "mIoU": 56.38, "mAcc": 69.28, "data_time": 0.0016679666715296818, "time": 0.35375605639792707}