{"aAcc": 94.76, "mIoU": 68.5, "mAcc": 76.3, "data_time": 0.005851513862609863, "time": 1.3265094776153565}