{"aAcc": 86.59, "mIoU": 62.01, "mAcc": 74.8, "data_time": 0.13344081751818726, "time": 1.6251385599521582}