{"aAcc": 24.99, "mIoU": 1.95, "mAcc": 4.85, "data_time": 0.004896346092224121, "time": 0.18680670309066771}