{"aAcc": 96.71, "mIoU": 82.69, "mAcc": 88.46, "data_time": 0.127628604888916, "time": 0.7991089429855347}