{"aAcc": 94.33, "mIoU": 74.77, "mAcc": 82.04, "data_time": 0.0022716568288019888, "time": 0.38799760290636864}