{"aAcc": 81.63, "mIoU": 30.97, "mAcc": 41.36, "data_time": 0.0031970040891975103, "time": 0.42428699668478853}