{"aAcc": 95.72, "mIoU": 76.63, "mAcc": 84.32, "data_time": 0.004611774921417237, "time": 5.373396421909332}