{"aAcc": 78.77, "mIoU": 42.23, "mAcc": 52.62, "data_time": 0.00171727192401886, "time": 0.23931265389919282}