{"aAcc": 92.97, "mIoU": 61.73, "mAcc": 72.49, "data_time": 0.007337038993835449, "time": 0.39197496271133425}