{"aAcc": 24.65, "mIoU": 2.07, "mAcc": 3.51, "data_time": 0.002585501313209534, "time": 5.566158016443253}