{"aAcc": 62.6, "mIoU": 29.55, "mAcc": 48.17, "data_time": 0.11035186839553546, "time": 3.5845259765409074}