{"aAcc": 84.8, "mIoU": 41.3, "mAcc": 55.21, "data_time": 0.002126489695884015, "time": 0.41127055854613076}