{"aAcc": 17.49, "mIoU": 2.37, "mAcc": 5.03, "data_time": 0.049558200597763065, "time": 4.959359205365181}