{"aAcc": 95.28, "mIoU": 79.69, "mAcc": 88.56, "data_time": 0.001887690864652498, "time": 0.10785371620462549}