{"aAcc": 90.05, "mIoU": 51.73, "mAcc": 59.38, "data_time": 0.005347611427307129, "time": 0.5480188999176026}