{"aAcc": 43.99, "mIoU": 18.11, "mAcc": 27.38, "data_time": 0.0049456324577331545, "time": 0.6560340123176575}