{"aAcc": 94.89, "mIoU": 77.15, "mAcc": 85.87, "data_time": 0.0015230195287016031, "time": 0.5200384265394191}