{"aAcc": 80.53, "mIoU": 45.13, "mAcc": 55.17, "data_time": 0.002068618416786194, "time": 0.51488716340065}