{"aAcc": 93.54, "mIoU": 70.83, "mAcc": 78.78, "data_time": 0.003305152007182604, "time": 7.651668895269937}