{"aAcc": 57.64, "mIoU": 20.95, "mAcc": 28.43, "data_time": 0.029486878871917723, "time": 2.593613634109497}