{"aAcc": 90.32, "mIoU": 58.66, "mAcc": 67.75, "data_time": 0.0015987662137007203, "time": 0.47273311078589564}