{"aAcc": 72.12, "mIoU": 33.66, "mAcc": 45.87, "data_time": 0.028822332859039308, "time": 4.040723847270012}