{"aAcc": 80.8, "mIoU": 44.4, "mAcc": 55.5, "data_time": 0.0019339497089385987, "time": 0.2055822528600693}