{"aAcc": 74.87, "mIoU": 27.82, "mAcc": 37.2, "data_time": 0.005889329433441162, "time": 4.565774278640747}