{"aAcc": 82.65, "mIoU": 47.97, "mAcc": 60.03, "data_time": 0.0016194361448287964, "time": 0.09820517814159394}