{"aAcc": 78.32, "mIoU": 39.25, "mAcc": 50.96, "data_time": 0.13976761096804013, "time": 0.3017810677072685}