{"aAcc": 75.89, "mIoU": 39.09, "mAcc": 53.57, "data_time": 0.03149476981163025, "time": 8.523537968397141}