{"aAcc": 66.29, "mIoU": 25.75, "mAcc": 32.61, "data_time": 0.0016650875806808471, "time": 0.8416013642549515}