{"aAcc": 85.52, "mIoU": 44.92, "mAcc": 52.96, "data_time": 0.005503525257110595, "time": 0.23439417362213136}