{"aAcc": 95.76, "mIoU": 76.02, "mAcc": 83.64, "data_time": 0.00599418306350708, "time": 1.2057751007080078}