{"aAcc": 79.66, "mIoU": 40.16, "mAcc": 49.74, "data_time": 0.0017858444452285766, "time": 0.322795105099678}