{"aAcc": 84.38, "mIoU": 54.45, "mAcc": 65.86, "data_time": 0.14022574753596864, "time": 0.598786068667332}