{"aAcc": 70.53, "mIoU": 31.43, "mAcc": 42.6, "data_time": 0.023120112657546998, "time": 7.0891510694026945}