{"aAcc": 95.92, "mIoU": 78.05, "mAcc": 85.26, "data_time": 0.0045123624801635745, "time": 0.7229864768981934}