{"aAcc": 94.71, "mIoU": 76.26, "mAcc": 84.32, "data_time": 0.0017251163782787125, "time": 0.33575347557489094}