{"aAcc": 95.14, "mIoU": 71.91, "mAcc": 80.35, "data_time": 0.019285521984100343, "time": 41.391943420886996}