{"aAcc": 92.67, "mIoU": 67.72, "mAcc": 77.77, "data_time": 0.002525385204391532, "time": 1.137875199400202}