{"aAcc": 78.85, "mIoU": 41.93, "mAcc": 52.51, "data_time": 0.002395182132720947, "time": 0.2629751920700073}