{"aAcc": 80.63, "mIoU": 43.66, "mAcc": 53.92, "data_time": 0.0015291050672531128, "time": 0.29345224487781524}