model,epe_targeted_true_zero,epe_targeted_false_zero,epe_targeted_true_negative,epe_targeted_false_negative
gma,14.264215244935906,4.732660009290861,27.333617516704226,4.701217136564462
raft,13.943266577565153,4.600440254418746,26.787022752347198,4.694527790079946
pwcnet,18.18784763916679,12.278860732783443,30.138583155300307,12.277938665773558
rpknet,13.68482176972472,3.7063097334426383,26.84347576835881,3.704571869580642
