model,epe_targeted_true_zero,epe_targeted_false_zero,epe_targeted_true_negative,epe_targeted_false_negative
gma,17.149270540475847,6.466568169775217,30.149179329302,6.469007211275723
rpknet,14.068292628552603,3.5960502746312515,27.297969193303068,3.5961010853881423
