{"aAcc": 89.4, "mIoU": 58.0, "mAcc": 66.7, "data_time": 0.06778013467788696, "time": 5.566845407485962}