{"aAcc": 12.27, "mIoU": 5.15, "mAcc": 21.11, "data_time": 0.015379007969995135, "time": 4.458494343537145}