{"aAcc": 95.39, "mIoU": 75.12, "mAcc": 82.55, "data_time": 0.006241790771484375, "time": 5.164477735996246}