{"aAcc": 80.64, "mIoU": 44.66, "mAcc": 57.22, "data_time": 0.0014259251356124878, "time": 0.14768136286735534}