{"aAcc": 74.38, "mIoU": 37.31, "mAcc": 49.85, "data_time": 0.0016951208114624023, "time": 1.0323546818494798}