{"aAcc": 92.95, "mIoU": 58.6, "mAcc": 68.89, "data_time": 0.006036923885345459, "time": 1.3357833952903748}