{"aAcc": 82.75, "mIoU": 38.1, "mAcc": 47.69, "data_time": 0.004505277633666992, "time": 4.513955087184906}