{"aAcc": 92.12, "mIoU": 55.16, "mAcc": 62.93, "data_time": 0.0078094487190246585, "time": 0.33686089134216307}