{"aAcc": 77.33, "mIoU": 31.87, "mAcc": 38.49, "data_time": 0.005647367477416993, "time": 1.9904247694015502}