{"aAcc": 93.36, "mIoU": 65.46, "mAcc": 74.95, "data_time": 0.1192460708618164, "time": 18.246731291770935}