{"aAcc": 71.33, "mIoU": 25.3, "mAcc": 34.87, "data_time": 0.005245530605316162, "time": 0.6138527960777282}