{"aAcc": 92.38, "mIoU": 68.16, "mAcc": 76.42, "data_time": 0.0015829945532020164, "time": 0.42537080558766327}