{"aAcc": 88.45, "mIoU": 53.62, "mAcc": 69.87, "data_time": 0.0018350915138765891, "time": 0.8186942953500689}