{"aAcc": 56.56, "mIoU": 19.73, "mAcc": 28.62, "data_time": 0.005601003170013428, "time": 0.7654380331039429}