{"aAcc": 82.62, "mIoU": 38.58, "mAcc": 55.94, "data_time": 0.03538290659586588, "time": 6.031636391449501}