{"aAcc": 92.69, "mIoU": 70.37, "mAcc": 83.16, "data_time": 0.0017526699313630393, "time": 0.14586052769541824}