{"aAcc": 81.66, "mIoU": 45.27, "mAcc": 57.96, "data_time": 0.0016341770887374877, "time": 0.10307574522495269}