{"aAcc": 96.86, "mIoU": 83.25, "mAcc": 89.28, "data_time": 0.007381423950195313, "time": 0.7994927821159363}