{"aAcc": 10.69, "mIoU": 0.72, "mAcc": 3.18, "data_time": 0.12814765977859496, "time": 23.589301229000093}