{"aAcc": 1.24, "mIoU": 0.09, "mAcc": 0.31, "data_time": 0.09810808849334716, "time": 7.179802886486053}