{"aAcc": 95.0, "mIoU": 72.72, "mAcc": 82.99, "data_time": 0.005685722351074219, "time": 0.38916007137298586}