{"aAcc": 79.23, "mIoU": 43.09, "mAcc": 55.09, "data_time": 0.01887317454814911, "time": 5.239699451208114}