{"aAcc": 93.73, "mIoU": 64.35, "mAcc": 75.21, "data_time": 0.007214394569396973, "time": 1.3916611614227294}