{"aAcc": 93.6, "mIoU": 68.65, "mAcc": 81.62, "data_time": 0.24355143070220947, "time": 4.6360148692131045}