{"aAcc": 89.78, "mIoU": 56.87, "mAcc": 62.92, "data_time": 0.02777072525024414, "time": 0.921367248058319}