{"aAcc": 84.63, "mIoU": 43.12, "mAcc": 56.06, "data_time": 0.0016513138988908198, "time": 1.13522506007003}