{"aAcc": 56.55, "mIoU": 19.77, "mAcc": 28.54, "data_time": 0.06894862556457519, "time": 1.8410404376983642}