{"aAcc": 85.73, "mIoU": 56.93, "mAcc": 68.98, "data_time": 0.0016170836687088013, "time": 0.4277719756364822}