{"aAcc": 93.77, "mIoU": 68.76, "mAcc": 78.73, "data_time": 0.1263228988647461, "time": 0.6295078873634339}