{"aAcc": 92.31, "mIoU": 70.48, "mAcc": 83.24, "data_time": 0.0021467536297068257, "time": 1.1239174281094633}