{"aAcc": 68.54, "mIoU": 21.76, "mAcc": 27.94, "data_time": 0.004412851333618164, "time": 0.450225221157074}