{"aAcc": 66.53, "mIoU": 25.47, "mAcc": 31.72, "data_time": 0.0017727943658828735, "time": 0.5768000849485397}