{"aAcc": 87.81, "mIoU": 59.7, "mAcc": 78.27, "data_time": 0.01525075127948474, "time": 4.523045149731423}