{"aAcc": 95.5, "mIoU": 74.09, "mAcc": 81.86, "data_time": 0.07196887350082397, "time": 51.39553701496124}