{"aAcc": 84.54, "mIoU": 53.48, "mAcc": 69.1, "data_time": 0.13218320825417054, "time": 2.1264984455014684}