{"aAcc": 96.61, "mIoU": 83.9, "mAcc": 91.98, "data_time": 0.0018461102695609883, "time": 0.28400517447888235}