{"aAcc": 71.06, "mIoU": 27.05, "mAcc": 36.57, "data_time": 0.004731184482574463, "time": 0.2905503134727478}