{"aAcc": 83.61, "mIoU": 51.95, "mAcc": 64.49, "data_time": 0.0017213306427001952, "time": 0.27178383362293246}