{"aAcc": 77.9, "mIoU": 38.08, "mAcc": 47.8, "data_time": 0.001852460503578186, "time": 0.15855277359485626}