{"aAcc": 90.37, "mIoU": 61.18, "mAcc": 76.32, "data_time": 0.0018139887547147446, "time": 0.8180811439735302}