{"aAcc": 75.29, "mIoU": 41.93, "mAcc": 54.03, "data_time": 0.13051058153800776, "time": 0.4602687088726777}