{"aAcc": 93.87, "mIoU": 66.5, "mAcc": 78.41, "data_time": 0.006463183879852295, "time": 1.0010827932357789}