{"aAcc": 91.3, "mIoU": 63.87, "mAcc": 75.14, "data_time": 0.0020669901922211473, "time": 0.4873281693442103}