{"aAcc": 95.59, "mIoU": 80.13, "mAcc": 88.98, "data_time": 0.002394617796766914, "time": 0.2001573896309357}