{"aAcc": 20.25, "mIoU": 2.94, "mAcc": 6.04, "data_time": 0.11176100254058838, "time": 11.55636477804184}