{"aAcc": 89.56, "mIoU": 54.95, "mAcc": 64.23, "data_time": 0.0045680108070373536, "time": 0.8967355275154114}