{"aAcc": 82.26, "mIoU": 49.51, "mAcc": 63.24, "data_time": 0.004993493795394897, "time": 1.5534912240505219}