{"aAcc": 94.08, "mIoU": 73.87, "mAcc": 81.65, "data_time": 0.0016707936346818859, "time": 0.34180818515616995}