{"aAcc": 85.52, "mIoU": 44.92, "mAcc": 52.96, "data_time": 0.004615282535552979, "time": 0.23364646387100219}