{"aAcc": 95.8, "mIoU": 77.56, "mAcc": 85.49, "data_time": 0.004877058029174805, "time": 0.5735044522285462}