{"aAcc": 0.41, "mIoU": 0.23, "mAcc": 0.87, "data_time": 0.017963187217712402, "time": 4.699767581939697}