{"aAcc": 92.28, "mIoU": 67.89, "mAcc": 76.6, "data_time": 0.00874780511856079, "time": 0.8638628869056701}