{"aAcc": 72.82, "mIoU": 28.51, "mAcc": 34.96, "data_time": 0.00262570321559906, "time": 0.4050846463441849}