{"aAcc": 74.86, "mIoU": 38.99, "mAcc": 52.48, "data_time": 0.001675488233566284, "time": 1.138570595741272}