{"aAcc": 80.53, "mIoU": 43.05, "mAcc": 53.91, "data_time": 0.0015553071498870849, "time": 0.07797748768329621}