{"aAcc": 87.17, "mIoU": 51.33, "mAcc": 61.12, "data_time": 0.007195218086242676, "time": 0.4639660873413086}