{"aAcc": 82.1, "mIoU": 47.08, "mAcc": 57.89, "data_time": 0.005160457134246827, "time": 0.2073826060295105}