{"aAcc": 92.41, "mIoU": 68.22, "mAcc": 80.73, "data_time": 0.0020333187098006203, "time": 0.07896699668457789}