{"aAcc": 96.68, "mIoU": 84.29, "mAcc": 92.12, "data_time": 0.0019264007289299396, "time": 0.13420561645012877}