{"aAcc": 88.55, "mIoU": 54.23, "mAcc": 64.92, "data_time": 0.07463231801986694, "time": 5.7130030202865605}