{"aAcc": 51.1, "mIoU": 16.37, "mAcc": 27.64, "data_time": 0.01685363495349884, "time": 8.060400266528129}