{"aAcc": 96.0, "mIoU": 78.01, "mAcc": 84.99, "data_time": 0.004695927619934082, "time": 0.3008110036849976}