{"aAcc": 94.69, "mIoU": 75.88, "mAcc": 87.34, "data_time": 0.0021712128420053804, "time": 0.16225179579440605}