{"aAcc": 69.22, "mIoU": 30.28, "mAcc": 40.66, "data_time": 0.031879332900047304, "time": 4.4074308979511265}