{"aAcc": 81.26, "mIoU": 44.55, "mAcc": 55.22, "data_time": 0.0016363532543182374, "time": 0.3281741932630539}