{"aAcc": 95.65, "mIoU": 76.17, "mAcc": 84.24, "data_time": 0.05775430870056152, "time": 1.8895916123390197}