{"aAcc": 86.33, "mIoU": 46.89, "mAcc": 53.01, "data_time": 0.0020543337690986543, "time": 0.6511181236712006}