{"aAcc": 52.27, "mIoU": 15.64, "mAcc": 22.18, "data_time": 0.008679709434509277, "time": 0.6999566721916198}