{"aAcc": 95.99, "mIoU": 77.13, "mAcc": 86.06, "data_time": 0.005325673103332519, "time": 0.5903839330673217}