{"aAcc": 94.71, "mIoU": 76.26, "mAcc": 84.32, "data_time": 0.0015062242643515598, "time": 0.3863547876672633}