{"aAcc": 91.77, "mIoU": 58.09, "mAcc": 78.08, "data_time": 0.0640849494934082, "time": 0.36621315956115724}