{"aAcc": 96.5, "mIoU": 83.94, "mAcc": 92.93, "data_time": 0.012659590683615232, "time": 0.487837070592771}