{"aAcc": 76.62, "mIoU": 41.23, "mAcc": 53.07, "data_time": 0.0016298456192016602, "time": 0.090803990483284}