{"aAcc": 84.43, "mIoU": 43.44, "mAcc": 55.83, "data_time": 0.0015756613308187187, "time": 1.0414209568229027}