{"aAcc": 85.31, "mIoU": 44.4, "mAcc": 61.25, "data_time": 0.0020757639630240685, "time": 0.2680987906998976}