{"aAcc": 79.7, "mIoU": 43.49, "mAcc": 53.51, "data_time": 0.001705706000328064, "time": 0.2930071542263031}