{"aAcc": 75.31, "mIoU": 38.47, "mAcc": 47.55, "data_time": 0.001711463212966919, "time": 0.20908243215084077}