{"aAcc": 73.83, "mIoU": 35.07, "mAcc": 43.13, "data_time": 0.0017829900979995728, "time": 0.3243096520900726}