{"aAcc": 92.45, "mIoU": 68.27, "mAcc": 80.5, "data_time": 0.001942750418737397, "time": 0.2030676847659283}