{"aAcc": 80.29, "mIoU": 43.28, "mAcc": 53.11, "data_time": 0.0016066650152206422, "time": 0.33951082336902616}