{"aAcc": 91.22, "mIoU": 65.14, "mAcc": 81.01, "data_time": 0.0020368844579218832, "time": 0.09572988185000633}