{"aAcc": 89.22, "mIoU": 52.32, "mAcc": 63.19, "data_time": 0.005425015449523926, "time": 0.3884494924545288}