{"aAcc": 95.69, "mIoU": 74.63, "mAcc": 83.93, "data_time": 0.00590807580947876, "time": 0.4351517281532288}