{"aAcc": 94.01, "mIoU": 72.14, "mAcc": 83.64, "data_time": 0.00201595265590544, "time": 0.1015681401049375}