{"aAcc": 77.05, "mIoU": 44.05, "mAcc": 58.02, "data_time": 0.0016406530141830444, "time": 1.3115431592464446}