{"aAcc": 82.33, "mIoU": 33.64, "mAcc": 44.14, "data_time": 0.0029528631351173457, "time": 0.35674342457552133}