{"aAcc": 96.82, "mIoU": 82.58, "mAcc": 88.51, "data_time": 0.1015828628540039, "time": 1.4074867367744446}