{"aAcc": 88.48, "mIoU": 54.52, "mAcc": 63.29, "data_time": 0.0046614851951599125, "time": 1.926839735031128}