{"aAcc": 85.71, "mIoU": 43.63, "mAcc": 59.57, "data_time": 0.014932835982370739, "time": 1.00095992766223}