{"aAcc": 8.88, "mIoU": 0.06, "mAcc": 0.67, "data_time": 0.0023919975757598876, "time": 1.482855630993843}