{"aAcc": 83.6, "mIoU": 51.14, "mAcc": 61.45, "data_time": 0.0022432053089141844, "time": 0.34126587879657744}