{"aAcc": 82.11, "mIoU": 46.88, "mAcc": 57.61, "data_time": 0.0016472874879837037, "time": 0.3327780392169952}