{"aAcc": 82.28, "mIoU": 49.2, "mAcc": 62.41, "data_time": 0.003090198040008545, "time": 0.25587539398670195}