{"aAcc": 95.72, "mIoU": 77.36, "mAcc": 85.09, "data_time": 0.004441280364990235, "time": 0.5170824422836303}