{"aAcc": 95.98, "mIoU": 78.87, "mAcc": 85.99, "data_time": 0.017783329486846924, "time": 39.89226862668991}