{"aAcc": 73.97, "mIoU": 38.83, "mAcc": 53.7, "data_time": 0.1396126993771257, "time": 0.5851771702320118}