{"aAcc": 96.32, "mIoU": 80.37, "mAcc": 87.06, "data_time": 0.004614693164825439, "time": 0.355233690738678}