{"aAcc": 84.92, "mIoU": 65.98, "mAcc": 77.86, "data_time": 0.006171875476837159, "time": 0.2757354593276978}