{"aAcc": 90.3, "mIoU": 60.44, "mAcc": 72.19, "data_time": 0.0016784169412300948, "time": 0.4488785120435548}