{"aAcc": 78.62, "mIoU": 41.55, "mAcc": 52.14, "data_time": 0.0017558814287185669, "time": 0.3249341620206833}