{"aAcc": 83.4, "mIoU": 49.63, "mAcc": 60.73, "data_time": 0.13198224723045462, "time": 0.29663785396538345}