{"aAcc": 92.4, "mIoU": 67.65, "mAcc": 78.78, "data_time": 0.0017286722539950436, "time": 0.5000162338535896}