{"aAcc": 30.38, "mIoU": 4.39, "mAcc": 7.46, "data_time": 0.001690521240234375, "time": 0.4116843076944351}