{"aAcc": 23.26, "mIoU": 2.4, "mAcc": 6.76, "data_time": 0.005875263690948486, "time": 0.4170131363868713}