{"aAcc": 96.86, "mIoU": 83.25, "mAcc": 89.28, "data_time": 0.004677864551544189, "time": 0.7454708704948425}