{"aAcc": 89.93, "mIoU": 58.27, "mAcc": 67.5, "data_time": 0.004645608901977539, "time": 0.23565478134155274}