{"aAcc": 93.52, "mIoU": 68.23, "mAcc": 77.11, "data_time": 0.00528143835067749, "time": 1.0947200274467468}