{"aAcc": 2.68, "mIoU": 0.39, "mAcc": 1.1, "data_time": 0.12322978448867798, "time": 20.946058792591096}