{"aAcc": 76.11, "mIoU": 34.16, "mAcc": 44.28, "data_time": 0.004519454836845398, "time": 6.587499244570732}