{"aAcc": 93.17, "mIoU": 62.81, "mAcc": 74.12, "data_time": 0.013614824771881104, "time": 40.78128229904175}