{"aAcc": 72.42, "mIoU": 34.73, "mAcc": 47.63, "data_time": 0.05433215701580048, "time": 5.208709624052048}