{"aAcc": 92.96, "mIoU": 65.28, "mAcc": 73.3, "data_time": 0.0047468748092651366, "time": 0.5900053420066833}