{"aAcc": 61.46, "mIoU": 21.35, "mAcc": 29.01, "data_time": 0.0016912907361984254, "time": 0.974089289188385}