{"aAcc": 91.46, "mIoU": 59.62, "mAcc": 73.94, "data_time": 0.11344551229476929, "time": 19.21659994840622}