{"aAcc": 82.0, "mIoU": 46.56, "mAcc": 59.21, "data_time": 0.0015798727273941041, "time": 0.0834702855348587}