{"aAcc": 81.44, "mIoU": 38.37, "mAcc": 58.41, "data_time": 0.0018588292179147156, "time": 0.32802455930400504}