{"aAcc": 81.59, "mIoU": 46.53, "mAcc": 58.21, "data_time": 0.0015861921310424804, "time": 0.20315368866920472}