{"aAcc": 0.75, "mIoU": 0.24, "mAcc": 1.59, "data_time": 0.01599887175918695, "time": 5.554935054667165}