{"aAcc": 72.94, "mIoU": 35.03, "mAcc": 49.61, "data_time": 0.001580927848815918, "time": 1.0001515461206436}