{"aAcc": 84.89, "mIoU": 55.39, "mAcc": 67.85, "data_time": 0.0017503774166107177, "time": 1.1564589111804962}