{"aAcc": 92.72, "mIoU": 64.43, "mAcc": 72.37, "data_time": 0.005901459217071533, "time": 1.9673372030258178}