{"aAcc": 69.38, "mIoU": 27.26, "mAcc": 38.55, "data_time": 0.018135064840316774, "time": 1.3530740262269974}