{"aAcc": 87.85, "mIoU": 51.38, "mAcc": 58.13, "data_time": 0.001996978387246879, "time": 0.6344118883397515}