{"aAcc": 7.35, "mIoU": 1.06, "mAcc": 2.24, "data_time": 0.0400436053276062, "time": 8.563809028983115}