{"aAcc": 92.37, "mIoU": 68.03, "mAcc": 76.62, "data_time": 0.004656260013580322, "time": 0.38449557209014895}