{"aAcc": 84.37, "mIoU": 52.11, "mAcc": 62.99, "data_time": 0.002205365777015686, "time": 0.35888142716884613}