{"aAcc": 85.31, "mIoU": 44.4, "mAcc": 61.25, "data_time": 0.0021224416807818364, "time": 0.2668539903507799}