{"aAcc": 79.35, "mIoU": 40.16, "mAcc": 50.31, "data_time": 0.0016497122049331666, "time": 0.280122971534729}