{"aAcc": 85.39, "mIoU": 46.9, "mAcc": 59.78, "data_time": 0.005495829105377197, "time": 6.270805166721344}