{"aAcc": 85.46, "mIoU": 51.11, "mAcc": 68.91, "data_time": 0.020936959196239443, "time": 6.2479831742944185}