{"aAcc": 87.26, "mIoU": 48.64, "mAcc": 57.35, "data_time": 0.004703440189361572, "time": 0.41580700111389163}