{"aAcc": 96.08, "mIoU": 78.23, "mAcc": 84.81, "data_time": 0.004585826873779297, "time": 1.240575737953186}