{"aAcc": 77.31, "mIoU": 37.86, "mAcc": 47.84, "data_time": 0.0028119157552719118, "time": 1.1145187373161316}