{"aAcc": 85.55, "mIoU": 55.8, "mAcc": 68.22, "data_time": 0.0025160056352615356, "time": 2.0662317274808886}