{"aAcc": 2.63, "mIoU": 0.29, "mAcc": 2.39, "data_time": 0.11219420146942138, "time": 6.768611223220825}