{"aAcc": 90.05, "mIoU": 51.73, "mAcc": 59.38, "data_time": 0.004791697978973389, "time": 0.5458191771507264}