{"aAcc": 62.61, "mIoU": 24.39, "mAcc": 35.51, "data_time": 0.0048638577461242675, "time": 0.576981683731079}