{"aAcc": 95.63, "mIoU": 75.19, "mAcc": 82.74, "data_time": 0.004867119312286377, "time": 5.361414915084839}