{"aAcc": 72.95, "mIoU": 33.92, "mAcc": 45.16, "data_time": 0.0018082009553909303, "time": 1.2469136228561402}