{"aAcc": 93.15, "mIoU": 62.06, "mAcc": 73.62, "data_time": 0.006514511585235596, "time": 5.6357728862762455}