{"aAcc": 75.68, "mIoU": 39.48, "mAcc": 63.08, "data_time": 0.02428091419738601, "time": 6.546896811762376}