{"aAcc": 95.99, "mIoU": 77.4, "mAcc": 84.03, "data_time": 0.004870044231414795, "time": 0.3814381566047668}