{"aAcc": 78.4, "mIoU": 40.95, "mAcc": 52.09, "data_time": 0.005050118923187256, "time": 0.3566581630706787}