{"aAcc": 75.03, "mIoU": 41.34, "mAcc": 56.43, "data_time": 0.019010977745056154, "time": 22.91189369106293}