{"aAcc": 96.52, "mIoU": 81.04, "mAcc": 87.62, "data_time": 0.004475852489471435, "time": 1.1764056453704834}