{"aAcc": 80.72, "mIoU": 46.57, "mAcc": 60.23, "data_time": 0.0022612541913986208, "time": 0.4052718741893768}