{"aAcc": 79.94, "mIoU": 43.22, "mAcc": 54.76, "data_time": 0.0028966712951660157, "time": 0.9810908631086349}