{"aAcc": 87.95, "mIoU": 49.53, "mAcc": 56.2, "data_time": 0.004936082363128662, "time": 0.8929023051261902}