{"aAcc": 94.05, "mIoU": 74.3, "mAcc": 84.92, "data_time": 0.0019711715916751415, "time": 0.25075939674061526}