{"aAcc": 88.76, "mIoU": 50.55, "mAcc": 62.91, "data_time": 0.006781563282012939, "time": 1.264558413505554}