{"aAcc": 80.07, "mIoU": 42.21, "mAcc": 53.59, "data_time": 0.0020593682527542114, "time": 0.20875962471961976}