{"aAcc": 95.5, "mIoU": 80.14, "mAcc": 89.09, "data_time": 0.002007280570873316, "time": 0.3247123105185373}