{"aAcc": 92.45, "mIoU": 71.26, "mAcc": 79.02, "data_time": 0.005158743381500244, "time": 0.5351089811325074}