{"aAcc": 71.06, "mIoU": 31.11, "mAcc": 41.13, "data_time": 0.055653051137924195, "time": 4.4410098079442974}