{"aAcc": 81.07, "mIoU": 44.43, "mAcc": 57.58, "data_time": 0.0016089657545089722, "time": 0.1326924971342087}