{"aAcc": 37.66, "mIoU": 1.98, "mAcc": 5.26, "data_time": 0.0050043916702270505, "time": 0.9037899565696716}