{"aAcc": 79.94, "mIoU": 34.33, "mAcc": 43.22, "data_time": 0.004531780242919922, "time": 0.3491054940223694}