{"aAcc": 0.0, "mIoU": 0.0, "mAcc": 0.0, "data_time": 0.017003951668739317, "time": 2.418181205749512}