{"aAcc": 0.57, "mIoU": 0.18, "mAcc": 0.86, "data_time": 0.030831606985372538, "time": 5.12471051887449}