{"aAcc": 81.78, "mIoU": 47.01, "mAcc": 57.44, "data_time": 0.0030156683921813963, "time": 0.34398535668849944}