{"aAcc": 17.1, "mIoU": 4.15, "mAcc": 12.69, "data_time": 0.014569254395384226, "time": 4.233921225766958}