{"aAcc": 94.45, "mIoU": 75.47, "mAcc": 82.83, "data_time": 0.0015260738862474018, "time": 0.4170078698152341}