{"aAcc": 65.12, "mIoU": 21.59, "mAcc": 27.38, "data_time": 0.001679767370223999, "time": 0.4994462838172913}