{"aAcc": 95.42, "mIoU": 79.82, "mAcc": 88.06, "data_time": 0.001916483075475594, "time": 0.14861949531681543}