{"aAcc": 89.63, "mIoU": 62.65, "mAcc": 80.39, "data_time": 0.034116110693100325, "time": 3.0464876491172794}