{"aAcc": 76.87, "mIoU": 35.65, "mAcc": 46.01, "data_time": 0.0015908235311508179, "time": 0.13460809671878815}