{"base_lr": 4.9058558558558554e-05, "lr": 4.9058558558558554e-05, "data_time": 0.0485273551940918, "loss": 3.6040673065185547, "loss_cls": 2.290694839954376, "loss_bbox": 1.3133724772930144, "time": 2.3782291412353516, "epoch": 1, "iter": 50, "memory": 18276, "step": 50}
