{"aAcc": 37.66, "mIoU": 1.98, "mAcc": 5.26, "data_time": 0.004807343006134033, "time": 0.3375660147666931}