{"aAcc": 1.1, "mIoU": 0.25, "mAcc": 0.67, "data_time": 0.018433558225631714, "time": 2.184306703209877}