{"aAcc": 1.82, "mIoU": 0.31, "mAcc": 1.65, "data_time": 0.12076004123687745, "time": 26.192504182338716}