{"aAcc": 93.56, "mIoU": 73.36, "mAcc": 83.91, "data_time": 0.002003085786017819, "time": 0.4208151710041644}