{"aAcc": 95.28, "mIoU": 79.24, "mAcc": 89.07, "data_time": 0.0022956877432665883, "time": 6.96413422914272}