{"aAcc": 4.76, "mIoU": 0.58, "mAcc": 1.11, "data_time": 0.017129817247390745, "time": 3.248359577178955}