{"aAcc": 79.99, "mIoU": 41.5, "mAcc": 52.38, "data_time": 0.0017079763412475586, "time": 0.319461773276329}