{"aAcc": 95.35, "mIoU": 75.32, "mAcc": 82.91, "data_time": 0.004540024280548095, "time": 0.43853820610046385}