{"aAcc": 84.6, "mIoU": 40.47, "mAcc": 51.68, "data_time": 0.006825202941894531, "time": 4.645568646430969}