{"aAcc": 83.81, "mIoU": 51.24, "mAcc": 62.59, "data_time": 0.0023244283199310304, "time": 1.6658746364116668}