{"aAcc": 86.28, "mIoU": 51.87, "mAcc": 64.81, "data_time": 0.004658511638641357, "time": 5.703469205856323}