{"aAcc": 84.34, "mIoU": 38.92, "mAcc": 50.08, "data_time": 0.004939000606536865, "time": 5.817737604141235}