{"aAcc": 70.78, "mIoU": 26.13, "mAcc": 31.88, "data_time": 0.002867231488227844, "time": 0.3828098273277283}