{"aAcc": 82.57, "mIoU": 49.11, "mAcc": 60.55, "data_time": 0.0016331499814987182, "time": 0.33876481258869173}