{"aAcc": 77.77, "mIoU": 43.64, "mAcc": 54.45, "data_time": 0.001856048583984375, "time": 0.22690935909748078}