{"aAcc": 71.94, "mIoU": 32.0, "mAcc": 49.1, "data_time": 0.13534052090104579, "time": 0.19965649825598805}