{"aAcc": 92.59, "mIoU": 67.72, "mAcc": 76.39, "data_time": 0.0015963813697493759, "time": 0.3808320485122291}