{"aAcc": 95.14, "mIoU": 78.75, "mAcc": 88.38, "data_time": 0.002069128061509116, "time": 6.693579004582576}