{"aAcc": 45.8, "mIoU": 17.72, "mAcc": 26.41, "data_time": 0.016913105487823488, "time": 1.4094445524215697}