{"aAcc": 72.88, "mIoU": 29.03, "mAcc": 35.85, "data_time": 0.001751672863960266, "time": 0.4541745852231979}