{"aAcc": 87.09, "mIoU": 53.72, "mAcc": 60.05, "data_time": 0.0046177682876586915, "time": 0.6169303760528565}