{"aAcc": 59.57, "mIoU": 21.55, "mAcc": 34.89, "data_time": 0.10808512849627801, "time": 4.05884986553552}