{"aAcc": 93.41, "mIoU": 70.97, "mAcc": 80.47, "data_time": 0.0019018873829443426, "time": 1.137883200161699}