{"aAcc": 95.53, "mIoU": 80.19, "mAcc": 89.43, "data_time": 0.002066686451229414, "time": 0.3088981043971597}