{"aAcc": 95.25, "mIoU": 79.67, "mAcc": 89.15, "data_time": 0.001993769362023816, "time": 0.17087516922881638}