{"aAcc": 95.29, "mIoU": 74.12, "mAcc": 82.11, "data_time": 0.005186195373535156, "time": 38.760114572525026}