{"aAcc": 79.55, "mIoU": 40.57, "mAcc": 49.78, "data_time": 0.0018342878818511962, "time": 6.46958131313324}