{"aAcc": 91.74, "mIoU": 62.63, "mAcc": 68.32, "data_time": 0.02920126438140869, "time": 1.5510118761062621}