{"aAcc": 94.68, "mIoU": 75.81, "mAcc": 83.38, "data_time": 0.0015936585604692016, "time": 0.544609783105475}