{"aAcc": 96.32, "mIoU": 80.37, "mAcc": 87.06, "data_time": 0.004506579875946045, "time": 0.38325466203689573}