{"aAcc": 1.87, "mIoU": 0.27, "mAcc": 0.63, "data_time": 0.01702001178264618, "time": 3.203788390159607}