{"aAcc": 68.28, "mIoU": 21.72, "mAcc": 27.93, "data_time": 0.0045499587059021, "time": 0.4864229464530945}