{"aAcc": 88.82, "mIoU": 50.71, "mAcc": 63.01, "data_time": 0.006063042640686035, "time": 1.2503303098678589}