{"aAcc": 60.31, "mIoU": 20.06, "mAcc": 28.05, "data_time": 0.0016869635581970215, "time": 0.9157376145124435}