{"aAcc": 64.42, "mIoU": 31.88, "mAcc": 48.88, "data_time": 0.1171745331782215, "time": 1.4471335298610184}