{"aAcc": 76.86, "mIoU": 42.04, "mAcc": 58.21, "data_time": 0.13804303895076508, "time": 0.5161630854818035}