{"aAcc": 86.1, "mIoU": 57.84, "mAcc": 70.37, "data_time": 0.013711292624473572, "time": 0.6658843429088592}