{"aAcc": 11.59, "mIoU": 0.2, "mAcc": 0.84, "data_time": 0.00326840078830719, "time": 5.529154099464416}