{"aAcc": 95.17, "mIoU": 73.57, "mAcc": 80.95, "data_time": 0.004663532257080078, "time": 0.2409229998588562}