{"aAcc": 74.68, "mIoU": 25.42, "mAcc": 40.93, "data_time": 0.033032038526094064, "time": 3.101378115725731}