{"aAcc": 45.94, "mIoU": 7.39, "mAcc": 14.05, "data_time": 0.015280196714434154, "time": 5.063358938389601}