{"aAcc": 96.41, "mIoU": 80.8, "mAcc": 87.5, "data_time": 0.09892621994018555, "time": 1.3181637239456176}