{"aAcc": 94.48, "mIoU": 76.02, "mAcc": 85.13, "data_time": 0.002143010671917038, "time": 0.4097866269948155}