{"aAcc": 80.33, "mIoU": 41.88, "mAcc": 51.88, "data_time": 0.0015817638635635377, "time": 0.44274205017089846}