{"aAcc": 77.75, "mIoU": 38.01, "mAcc": 48.85, "data_time": 0.002282877564430237, "time": 0.9826362589597702}