{"aAcc": 96.41, "mIoU": 83.72, "mAcc": 92.81, "data_time": 0.0018503228247453624, "time": 0.25452376432135815}