{"aAcc": 95.49, "mIoU": 76.33, "mAcc": 84.0, "data_time": 0.005199859142303467, "time": 0.665717299938202}