{"aAcc": 86.37, "mIoU": 52.17, "mAcc": 65.22, "data_time": 0.00549056339263916, "time": 6.0067024703025815}