{"aAcc": 95.05, "mIoU": 77.35, "mAcc": 85.23, "data_time": 0.001508987385951872, "time": 0.43190531042874314}