{"aAcc": 92.79, "mIoU": 63.44, "mAcc": 73.78, "data_time": 0.005713408470153809, "time": 0.4418522562980652}