{"aAcc": 95.08, "mIoU": 77.66, "mAcc": 88.51, "data_time": 0.0018136889626849842, "time": 0.20253143827202733}