{"aAcc": 91.77, "mIoU": 68.29, "mAcc": 79.0, "data_time": 0.0019185059312461078, "time": 1.374114986285413}