{"aAcc": 86.93, "mIoU": 48.76, "mAcc": 56.37, "data_time": 0.0018382505189146643, "time": 0.6779451212280779}