{"aAcc": 86.51, "mIoU": 45.1, "mAcc": 52.17, "data_time": 0.004847290515899658, "time": 0.3225604567527771}