{"aAcc": 92.27, "mIoU": 64.5, "mAcc": 78.9, "data_time": 0.08017100095748901, "time": 4.197455327510834}