{"aAcc": 74.12, "mIoU": 38.34, "mAcc": 50.75, "data_time": 0.00512634801864624, "time": 0.3137311325073242}