{"aAcc": 14.72, "mIoU": 2.09, "mAcc": 4.29, "data_time": 0.039396143913269045, "time": 4.489405188798904}