{"aAcc": 87.8, "mIoU": 55.62, "mAcc": 67.71, "data_time": 0.004658349990844727, "time": 0.20152330350875855}