{"aAcc": 93.43, "mIoU": 65.37, "mAcc": 75.28, "data_time": 0.14532649087905883, "time": 20.869671649456023}