{"aAcc": 95.76, "mIoU": 76.02, "mAcc": 83.64, "data_time": 0.004692716121673584, "time": 1.066408905506134}