{"aAcc": 89.32, "mIoU": 58.33, "mAcc": 73.2, "data_time": 0.0020032891575594127, "time": 0.08178851685086311}