{"aAcc": 80.83, "mIoU": 44.62, "mAcc": 55.7, "data_time": 0.0020077377557754517, "time": 0.3467529269456863}