{"aAcc": 26.0, "mIoU": 6.48, "mAcc": 11.5, "data_time": 0.0029839746952056885, "time": 0.5655359581708909}