{"aAcc": 93.31, "mIoU": 71.75, "mAcc": 82.89, "data_time": 0.0019236073319545033, "time": 0.9647341612045152}