{"aAcc": 94.92, "mIoU": 77.96, "mAcc": 87.1, "data_time": 0.0017952015681296403, "time": 0.19296219564454978}