{"aAcc": 95.77, "mIoU": 76.02, "mAcc": 84.08, "data_time": 0.00594720458984375, "time": 0.4764775400161743}