{"aAcc": 80.78, "mIoU": 43.33, "mAcc": 53.68, "data_time": 0.0021049975156784057, "time": 0.31408888661861417}