{"aAcc": 89.07, "mIoU": 47.52, "mAcc": 57.67, "data_time": 0.0059735684394836425, "time": 1.9836008915901184}