{"aAcc": 94.83, "mIoU": 77.46, "mAcc": 87.99, "data_time": 0.0036463717742983106, "time": 7.370873867354778}