{"aAcc": 66.23, "mIoU": 22.89, "mAcc": 40.24, "data_time": 0.0020284071883470787, "time": 1.0386229774061773}