{"aAcc": 8.87, "mIoU": 0.06, "mAcc": 0.67, "data_time": 0.002455499053001404, "time": 1.4963237847089768}