{"aAcc": 73.85, "mIoU": 36.46, "mAcc": 50.99, "data_time": 0.0017464759349822999, "time": 0.97823967897892}