{"aAcc": 93.91, "mIoU": 69.72, "mAcc": 77.56, "data_time": 0.004474843978881836, "time": 2.151824958324432}