{"aAcc": 95.78, "mIoU": 77.01, "mAcc": 84.57, "data_time": 0.00719719123840332, "time": 39.31308601951599}