{"aAcc": 5.5, "mIoU": 1.09, "mAcc": 2.73, "data_time": 0.042259397745132446, "time": 6.265958874106407}