{"aAcc": 77.52, "mIoU": 39.56, "mAcc": 48.35, "data_time": 0.0022158522605895997, "time": 0.7731445391178131}