{"aAcc": 37.66, "mIoU": 1.98, "mAcc": 5.26, "data_time": 0.004667433738708496, "time": 0.2636980338096619}