{"base_lr": 9.018918918918918e-06, "lr": 9.91640622132031e-07, "data_time": 0.030099916458129882, "loss": 2.9015284061431883, "loss_cls": 1.0983110904693603, "loss_bbox": 1.1095602869987489, "loss_centerness": 0.6936570227146148, "time": 7.75347626209259, "iter": 10, "memory": 14604, "step": 10}
{"pascal_voc/mAP": 4.274142716553797e-05, "pascal_voc/AP25": 0.0, "pascal_voc/AP30": 0.0, "pascal_voc/AP40": 0.0, "pascal_voc/AP50": 0.0, "pascal_voc/AP70": 0.0, "pascal_voc/AP75": 0.0, "data_time": 0.0012413471792741815, "time": 0.03880283053549118, "step": 10}
{"base_lr": 1.9028828828828827e-05, "lr": 2.092241856025647e-06, "data_time": 1.1415061950683594, "loss": 2.73148455619812, "loss_cls": 0.9947870135307312, "loss_bbox": 1.0530309438705445, "loss_centerness": 0.6836666464805603, "time": 5.355469489097596, "iter": 20, "memory": 14604, "step": 20}
