{"aAcc": 0.01, "mIoU": 0.0, "mAcc": 0.0, "data_time": 0.01657098686695099, "time": 5.523148852109909}