{"aAcc": 68.09, "mIoU": 26.26, "mAcc": 34.71, "data_time": 0.002030999660491943, "time": 1.224752357363701}