{"aAcc": 78.5, "mIoU": 41.16, "mAcc": 53.05, "data_time": 0.024208584785461427, "time": 3.2430624734163285}