{"aAcc": 90.17, "mIoU": 64.08, "mAcc": 72.72, "data_time": 0.06534915208816529, "time": 4.5766544961929325}