{"aAcc": 82.5, "mIoU": 48.49, "mAcc": 59.81, "data_time": 0.003908649563789368, "time": 0.3698562309741974}