{"aAcc": 93.81, "mIoU": 65.95, "mAcc": 77.77, "data_time": 0.24015480041503906, "time": 4.696727964878082}