{"aAcc": 95.58, "mIoU": 80.62, "mAcc": 89.45, "data_time": 0.0021188782362217243, "time": 0.1692603649642239}