{"aAcc": 80.06, "mIoU": 42.53, "mAcc": 51.96, "data_time": 0.0020720434188842775, "time": 0.3190599774122238}