{"aAcc": 82.07, "mIoU": 48.12, "mAcc": 60.71, "data_time": 0.002567909598350525, "time": 0.2413322422504425}