{"aAcc": 89.72, "mIoU": 61.32, "mAcc": 76.75, "data_time": 0.0019799575384441452, "time": 1.0417147823002026}