{"aAcc": 73.93, "mIoU": 36.21, "mAcc": 48.5, "data_time": 0.0017530748844146729, "time": 1.1334152125120163}