{"aAcc": 8.87, "mIoU": 0.06, "mAcc": 0.67, "data_time": 0.002406690239906311, "time": 1.8089650458097457}