{"aAcc": 79.02, "mIoU": 39.69, "mAcc": 50.93, "data_time": 0.0017020660638809204, "time": 0.29504474401474}