{"aAcc": 85.36, "mIoU": 45.76, "mAcc": 54.23, "data_time": 0.005258825778961182, "time": 0.5769299879074097}