{"aAcc": 77.14, "mIoU": 42.82, "mAcc": 54.84, "data_time": 0.0017063952684402467, "time": 0.10618463683128357}