{"aAcc": 85.0, "mIoU": 43.95, "mAcc": 50.19, "data_time": 0.0019394912087892647, "time": 0.6588341699459374}