{"aAcc": 32.69, "mIoU": 3.83, "mAcc": 6.54, "data_time": 0.00165357506275177, "time": 0.3463846695423126}