{"aAcc": 96.49, "mIoU": 80.91, "mAcc": 87.34, "data_time": 0.004435253143310547, "time": 0.7949839978218078}