{"aAcc": 81.37, "mIoU": 44.79, "mAcc": 55.42, "data_time": 0.001631231427192688, "time": 0.4660084284543991}