{"aAcc": 55.59, "mIoU": 10.17, "mAcc": 14.65, "data_time": 0.0016482504606246948, "time": 0.3340720009803772}