{"aAcc": 95.83, "mIoU": 81.42, "mAcc": 89.39, "data_time": 0.0019379507845397486, "time": 0.11531232207951832}