{"aAcc": 80.58, "mIoU": 38.64, "mAcc": 62.95, "data_time": 0.0022949515909388447, "time": 1.1319472626869722}