{"aAcc": 91.57, "mIoU": 67.21, "mAcc": 78.45, "data_time": 0.0017114230235582223, "time": 1.3348208335944913}