{"aAcc": 93.56, "mIoU": 61.3, "mAcc": 68.88, "data_time": 0.004634457111358643, "time": 0.5171771197319031}