{"aAcc": 83.73, "mIoU": 50.61, "mAcc": 63.59, "data_time": 0.015961209058761597, "time": 0.42746506786346433}