{"aAcc": 79.56, "mIoU": 41.21, "mAcc": 51.67, "data_time": 0.0016839669942855834, "time": 0.3534432983398437}