{"aAcc": 6.55, "mIoU": 1.25, "mAcc": 2.83, "data_time": 0.01667619502544403, "time": 4.42833283829689}