{"aAcc": 96.01, "mIoU": 78.61, "mAcc": 85.73, "data_time": 0.00468952751159668, "time": 0.6202889904975891}