{"aAcc": 94.92, "mIoU": 74.98, "mAcc": 85.49, "data_time": 0.07138550758361817, "time": 4.455373425483703}