{"aAcc": 69.21, "mIoU": 35.41, "mAcc": 51.95, "data_time": 0.11213194649174528, "time": 3.8424017541813402}