{"aAcc": 80.27, "mIoU": 45.69, "mAcc": 57.44, "data_time": 0.0020210344791412355, "time": 0.49539280009269715}