{"aAcc": 92.85, "mIoU": 61.73, "mAcc": 73.78, "data_time": 0.009132794380187988, "time": 0.6689548168182373}