{"aAcc": 72.05, "mIoU": 31.44, "mAcc": 38.85, "data_time": 0.0017303999662399293, "time": 0.4273300290107727}