{"aAcc": 78.44, "mIoU": 42.1, "mAcc": 54.18, "data_time": 0.01954634630680084, "time": 5.31734945833683}