{"aAcc": 41.92, "mIoU": 6.73, "mAcc": 9.67, "data_time": 0.0029456292390823363, "time": 4.439239549994468}