{"aAcc": 82.58, "mIoU": 38.57, "mAcc": 55.96, "data_time": 0.01748921839922687, "time": 6.208225371839261}