{"aAcc": 95.09, "mIoU": 72.88, "mAcc": 81.53, "data_time": 0.004697490692138672, "time": 0.2876157903671265}