{"aAcc": 94.91, "mIoU": 69.1, "mAcc": 76.76, "data_time": 0.008444612979888915, "time": 0.27451922130584716}