{"aAcc": 87.77, "mIoU": 51.52, "mAcc": 63.01, "data_time": 0.11812525033950806, "time": 7.425899793148041}