{"aAcc": 95.09, "mIoU": 72.21, "mAcc": 81.41, "data_time": 0.004729164123535156, "time": 0.31271450233459475}