{"aAcc": 2.31, "mIoU": 0.46, "mAcc": 1.44, "data_time": 0.017234315752983093, "time": 1.283911034822464}