{"aAcc": 96.06, "mIoU": 79.0, "mAcc": 86.06, "data_time": 0.00474620008468628, "time": 0.630713212966919}