{"aAcc": 95.58, "mIoU": 75.8, "mAcc": 82.55, "data_time": 0.00453494119644165, "time": 0.3808662557601929}