{"aAcc": 95.42, "mIoU": 79.82, "mAcc": 88.06, "data_time": 0.002015074834566926, "time": 0.15622239889483192}