{"aAcc": 80.86, "mIoU": 44.51, "mAcc": 57.79, "data_time": 0.0017652252912521362, "time": 0.1700218070745468}