{"aAcc": 89.73, "mIoU": 56.35, "mAcc": 62.43, "data_time": 0.12001619291305542, "time": 0.9628955664634704}