{"aAcc": 96.22, "mIoU": 78.85, "mAcc": 85.43, "data_time": 0.005122570037841797, "time": 37.85132307481766}