{"aAcc": 4.6, "mIoU": 1.46, "mAcc": 5.34, "data_time": 0.02000878217551032, "time": 4.285073525828276}