{"aAcc": 93.0, "mIoU": 66.48, "mAcc": 78.71, "data_time": 0.005519778728485108, "time": 0.3501234841346741}