{"aAcc": 78.41, "mIoU": 41.55, "mAcc": 51.33, "data_time": 0.0016306294202804565, "time": 0.2195188000202179}