{"aAcc": 96.57, "mIoU": 81.04, "mAcc": 87.88, "data_time": 0.12304930591583252, "time": 0.4849107189178467}