{"aAcc": 95.86, "mIoU": 77.7, "mAcc": 85.03, "data_time": 0.006186875343322754, "time": 5.164563816070556}