{"aAcc": 70.53, "mIoU": 24.45, "mAcc": 33.65, "data_time": 0.059841405868530276, "time": 1.6934608144760133}