{"aAcc": 92.62, "mIoU": 65.99, "mAcc": 78.7, "data_time": 0.06691922426223755, "time": 3.6479780197143556}