{"aAcc": 96.22, "mIoU": 78.29, "mAcc": 85.16, "data_time": 0.005220964908599853, "time": 1.1638254370689392}