{"aAcc": 73.95, "mIoU": 36.77, "mAcc": 48.44, "data_time": 0.004763896942138672, "time": 0.2698916273117065}