{"aAcc": 74.24, "mIoU": 28.83, "mAcc": 38.05, "data_time": 0.013688566684722901, "time": 0.5836049404144287}