{"aAcc": 92.44, "mIoU": 55.07, "mAcc": 63.57, "data_time": 0.004673040390014648, "time": 1.1867837681770326}