{"aAcc": 81.03, "mIoU": 40.61, "mAcc": 65.75, "data_time": 0.002024698948514634, "time": 0.32603977350138896}