{"aAcc": 93.99, "mIoU": 74.1, "mAcc": 84.59, "data_time": 0.0017721070512728167, "time": 0.2929907952447527}