{"aAcc": 69.16, "mIoU": 30.47, "mAcc": 42.12, "data_time": 0.021749672770500182, "time": 4.682753447413445}