{"aAcc": 76.23, "mIoU": 41.34, "mAcc": 52.61, "data_time": 0.00199784243106842, "time": 0.206892951130867}