{"aAcc": 92.2, "mIoU": 65.81, "mAcc": 74.86, "data_time": 0.0018257813424057102, "time": 7.062824201057334}