{"aAcc": 97.0, "mIoU": 83.6, "mAcc": 89.32, "data_time": 0.00459544038772583, "time": 1.7407876539230347}