{"aAcc": 86.03, "mIoU": 57.67, "mAcc": 69.94, "data_time": 0.0016142661571502685, "time": 0.5663688567876816}