{"aAcc": 73.31, "mIoU": 33.97, "mAcc": 42.69, "data_time": 0.0016308895349502564, "time": 0.28301181888580323}