{"aAcc": 74.65, "mIoU": 34.6, "mAcc": 45.51, "data_time": 0.01718964922428131, "time": 1.5925565900802612}