{"aAcc": 91.04, "mIoU": 53.38, "mAcc": 63.86, "data_time": 0.00702668571472168, "time": 42.29509708976746}