{"aAcc": 90.93, "mIoU": 65.19, "mAcc": 78.51, "data_time": 0.0021667399844109724, "time": 1.12019345659976}