{"aAcc": 94.87, "mIoU": 77.31, "mAcc": 88.68, "data_time": 0.0025580223878553772, "time": 0.10470426107292097}