{"aAcc": 0.01, "mIoU": 0.0, "mAcc": 0.0, "data_time": 0.01751628839969635, "time": 6.77676355278492}