{"aAcc": 97.0, "mIoU": 83.58, "mAcc": 89.67, "data_time": 0.004727066993713379, "time": 1.5940637226104737}