{"aAcc": 95.94, "mIoU": 78.44, "mAcc": 85.23, "data_time": 0.004805142879486084, "time": 0.4523260350227356}