{"aAcc": 37.66, "mIoU": 1.98, "mAcc": 5.26, "data_time": 0.005072317123413086, "time": 4.083037065029144}