{"aAcc": 96.34, "mIoU": 80.43, "mAcc": 87.22, "data_time": 0.004581006526947021, "time": 0.6985615215301514}