{"aAcc": 83.85, "mIoU": 52.3, "mAcc": 63.91, "data_time": 0.0016808805465698242, "time": 0.2629343454837799}