{"aAcc": 94.48, "mIoU": 71.7, "mAcc": 79.49, "data_time": 0.0072873086929321285, "time": 0.4470463647842407}