{"aAcc": 85.85, "mIoU": 50.37, "mAcc": 62.84, "data_time": 0.004534560203552246, "time": 5.662480557918548}