{"aAcc": 91.8, "mIoU": 68.83, "mAcc": 77.54, "data_time": 0.005896165847778321, "time": 0.8680058212280274}