{"aAcc": 82.89, "mIoU": 49.77, "mAcc": 61.35, "data_time": 0.013385884761810303, "time": 0.6807946419715881}