{"aAcc": 81.42, "mIoU": 45.13, "mAcc": 55.51, "data_time": 0.012293633222579956, "time": 8.073728147983552}