{"aAcc": 1.53, "mIoU": 0.43, "mAcc": 1.25, "data_time": 0.0022780269384384154, "time": 1.1849424229860306}