{"aAcc": 70.87, "mIoU": 26.01, "mAcc": 31.82, "data_time": 0.002313476800918579, "time": 0.37760905528068545}