{"aAcc": 86.36, "mIoU": 53.13, "mAcc": 65.96, "data_time": 0.00573554801940918, "time": 5.789858555316925}