{"aAcc": 87.35, "mIoU": 61.67, "mAcc": 76.03, "data_time": 0.06497738122940064, "time": 0.2879678440093994}