{"aAcc": 69.59, "mIoU": 35.33, "mAcc": 49.94, "data_time": 0.14402728421347483, "time": 0.5616958023879328}