{"aAcc": 78.65, "mIoU": 39.08, "mAcc": 49.2, "data_time": 0.0020619999170303346, "time": 0.17718277096748353}