{"aAcc": 38.34, "mIoU": 2.19, "mAcc": 5.43, "data_time": 0.004916944026947021, "time": 5.347549167156219}