{"aAcc": 92.61, "mIoU": 69.13, "mAcc": 82.17, "data_time": 0.002020703092618512, "time": 0.23345898117502448}