{"aAcc": 79.4, "mIoU": 48.71, "mAcc": 62.9, "data_time": 0.06529249429702759, "time": 0.23101017236709595}