{"aAcc": 8.95, "mIoU": 0.06, "mAcc": 0.67, "data_time": 0.00293438982963562, "time": 4.493015065431595}