{"aAcc": 91.32, "mIoU": 65.43, "mAcc": 77.25, "data_time": 0.0017661436250737982, "time": 0.1393142210524028}