{"aAcc": 80.45, "mIoU": 27.88, "mAcc": 36.99, "data_time": 0.0018818092148743307, "time": 0.2595164723195562}