{"aAcc": 91.92, "mIoU": 69.53, "mAcc": 78.22, "data_time": 0.004576171398162842, "time": 0.8626688766479492}