{"aAcc": 86.08, "mIoU": 55.82, "mAcc": 77.4, "data_time": 0.015563225894240858, "time": 2.0738129566421666}