{"aAcc": 61.7, "mIoU": 21.32, "mAcc": 29.23, "data_time": 0.0021601680517196655, "time": 1.0193628118038178}