{"aAcc": 96.19, "mIoU": 83.14, "mAcc": 92.43, "data_time": 0.00196005147930011, "time": 0.1417949214485121}