{"aAcc": 12.94, "mIoU": 3.16, "mAcc": 10.32, "data_time": 0.017925733693967282, "time": 6.20029798666307}