{"aAcc": 73.28, "mIoU": 27.97, "mAcc": 39.07, "data_time": 0.004705556869506836, "time": 4.229342092037201}