{"aAcc": 86.23, "mIoU": 51.3, "mAcc": 64.67, "data_time": 0.005199657440185547, "time": 5.760802174568176}