{"aAcc": 95.17, "mIoU": 78.43, "mAcc": 86.34, "data_time": 0.0019440399193615646, "time": 0.39004834542363326}