{"aAcc": 65.79, "mIoU": 21.04, "mAcc": 27.35, "data_time": 0.001620010495185852, "time": 0.2868068302869797}