{"aAcc": 95.98, "mIoU": 78.65, "mAcc": 86.03, "data_time": 0.007314552783966064, "time": 40.09335279369354}