{"aAcc": 0.18, "mIoU": 0.13, "mAcc": 0.41, "data_time": 0.01309577212652887, "time": 4.633151821139108}