{"aAcc": 80.82, "mIoU": 45.12, "mAcc": 57.87, "data_time": 0.0016820895671844482, "time": 0.20408498203754424}