{"aAcc": 79.62, "mIoU": 42.96, "mAcc": 55.1, "data_time": 0.0021523070335388184, "time": 0.37310033547878263}