{"aAcc": 82.06, "mIoU": 47.48, "mAcc": 61.06, "data_time": 0.01605677604675293, "time": 0.4418954575061798}