{"aAcc": 95.32, "mIoU": 73.72, "mAcc": 82.81, "data_time": 0.004516540050506591, "time": 0.3305615162849426}