{"aAcc": 91.71, "mIoU": 67.74, "mAcc": 79.5, "data_time": 0.00159309566884801, "time": 1.3208308897814807}