{"aAcc": 76.24, "mIoU": 42.53, "mAcc": 56.85, "data_time": 0.0016745162010192872, "time": 1.1682917934656143}