{"aAcc": 67.33, "mIoU": 28.5, "mAcc": 36.71, "data_time": 0.0017691612243652343, "time": 0.8593253217935563}