{"aAcc": 90.79, "mIoU": 61.49, "mAcc": 71.63, "data_time": 0.0016002437836388377, "time": 0.47672084991976343}