{"aAcc": 95.69, "mIoU": 76.85, "mAcc": 84.29, "data_time": 0.007671463489532471, "time": 5.333565044403076}