{"aAcc": 84.59, "mIoU": 54.28, "mAcc": 65.18, "data_time": 0.0017130330801010132, "time": 0.4385986577272415}