{"aAcc": 81.06, "mIoU": 45.57, "mAcc": 58.4, "data_time": 0.0015755634307861328, "time": 0.1373266098499298}