{"aAcc": 94.57, "mIoU": 75.88, "mAcc": 84.76, "data_time": 0.001541146086856692, "time": 0.56784072623243}