{"aAcc": 88.67, "mIoU": 53.41, "mAcc": 60.4, "data_time": 0.001619558979347708, "time": 0.6490814040824411}