{"aAcc": 94.09, "mIoU": 67.99, "mAcc": 76.79, "data_time": 0.1142192611694336, "time": 18.61085992336273}