{"aAcc": 37.66, "mIoU": 1.98, "mAcc": 5.26, "data_time": 0.004936366558074951, "time": 5.917262296676636}