{"aAcc": 80.06, "mIoU": 42.53, "mAcc": 51.96, "data_time": 0.0017736337184906005, "time": 0.3151559149026871}