{"aAcc": 86.54, "mIoU": 45.49, "mAcc": 52.54, "data_time": 0.004741727352142334, "time": 0.3097578043937683}