{"aAcc": 91.04, "mIoU": 53.4, "mAcc": 63.95, "data_time": 0.007933485507965087, "time": 43.0649691991806}