{"aAcc": 81.34, "mIoU": 44.81, "mAcc": 55.41, "data_time": 0.001633787989616394, "time": 0.1242904040813446}