{"aAcc": 72.12, "mIoU": 30.04, "mAcc": 41.28, "data_time": 0.016352538466453553, "time": 1.2358862379789353}