{"aAcc": 94.45, "mIoU": 75.47, "mAcc": 82.83, "data_time": 0.001476196192971092, "time": 0.3995135498507587}