{"aAcc": 0.04, "mIoU": 0.01, "mAcc": 0.05, "data_time": 0.11414122247695922, "time": 23.631361299037934}