{"aAcc": 80.78, "mIoU": 43.33, "mAcc": 53.68, "data_time": 0.0021142840385437013, "time": 0.31361941492557527}