{"aAcc": 81.17, "mIoU": 32.2, "mAcc": 44.85, "data_time": 0.0019477971921385035, "time": 1.219283848322203}