{"aAcc": 37.66, "mIoU": 1.98, "mAcc": 5.26, "data_time": 0.004905844211578369, "time": 0.21115536880493163}