{"aAcc": 0.0, "mIoU": 0.0, "mAcc": 0.0, "data_time": 0.016269546389579774, "time": 1.7160809687376022}