{"aAcc": 72.12, "mIoU": 30.03, "mAcc": 41.28, "data_time": 0.0024108474254608153, "time": 1.170503609776497}