{"aAcc": 91.42, "mIoU": 66.83, "mAcc": 78.24, "data_time": 0.0016136821012319245, "time": 1.3121078634689889}