{"aAcc": 57.17, "mIoU": 17.39, "mAcc": 25.08, "data_time": 0.0016530041694641114, "time": 0.1496990393400192}