{"aAcc": 73.62, "mIoU": 37.26, "mAcc": 51.66, "data_time": 0.018891607999801635, "time": 4.889320634484291}