{"aAcc": 97.03, "mIoU": 83.68, "mAcc": 89.74, "data_time": 0.10209096193313599, "time": 1.5618279194831848}