{"aAcc": 89.39, "mIoU": 58.41, "mAcc": 71.73, "data_time": 0.002030124328644873, "time": 0.889248790207857}