{"aAcc": 82.97, "mIoU": 55.57, "mAcc": 66.08, "data_time": 0.005734204769134521, "time": 0.5384397506713867}