{"aAcc": 83.0, "mIoU": 34.78, "mAcc": 47.28, "data_time": 0.00200999811487086, "time": 0.24951975965927684}