{"aAcc": 95.94, "mIoU": 78.02, "mAcc": 85.25, "data_time": 0.05563988637924194, "time": 1.517203625679016}