{"aAcc": 9.23, "mIoU": 3.28, "mAcc": 15.36, "data_time": 0.015339288158693176, "time": 1.349430347328107}