{"aAcc": 96.15, "mIoU": 78.45, "mAcc": 85.3, "data_time": 0.00502115535736084, "time": 0.4411423921585083}