{"aAcc": 89.96, "mIoU": 61.14, "mAcc": 75.96, "data_time": 0.001976822720798153, "time": 0.09998350492257592}