{"aAcc": 93.54, "mIoU": 64.08, "mAcc": 74.87, "data_time": 0.004571300029754638, "time": 0.5521200332641601}