{"aAcc": 72.51, "mIoU": 34.77, "mAcc": 46.63, "data_time": 0.0022051241397857664, "time": 0.9930741208791732}