{"pascal_voc/mAP": 0.0010759611056225065, "pascal_voc/AP25": 0.005, "pascal_voc/AP30": 0.001, "pascal_voc/AP40": 0.0, "pascal_voc/AP50": 0.0, "pascal_voc/AP70": 0.0, "pascal_voc/AP75": 0.0, "data_time": 0.0020901386976627232, "time": 0.04743365223650401, "step": 0}
