{"aAcc": 80.39, "mIoU": 45.04, "mAcc": 55.33, "data_time": 0.0020332194566726686, "time": 0.328017991065979}