{"aAcc": 95.86, "mIoU": 77.88, "mAcc": 84.71, "data_time": 0.004540140628814697, "time": 0.6358088355064392}