{"aAcc": 41.89, "mIoU": 12.41, "mAcc": 17.39, "data_time": 0.004468589782714844, "time": 0.5737037358283996}