{"aAcc": 60.43, "mIoU": 21.36, "mAcc": 26.58, "data_time": 0.002574375033378601, "time": 1.1863815836906433}