{"aAcc": 72.99, "mIoU": 34.23, "mAcc": 45.44, "data_time": 0.00222551953792572, "time": 1.2423959996700287}