{"aAcc": 67.72, "mIoU": 22.25, "mAcc": 33.87, "data_time": 0.005244548797607422, "time": 4.389497026920319}