{"aAcc": 92.72, "mIoU": 68.74, "mAcc": 76.26, "data_time": 0.0016326464974855538, "time": 0.43165836752160325}