{"aAcc": 94.65, "mIoU": 75.78, "mAcc": 84.51, "data_time": 0.0015592193340251493, "time": 0.39172414535485606}