{"aAcc": 78.35, "mIoU": 41.37, "mAcc": 51.29, "data_time": 0.0017154133319854737, "time": 0.30549324452877047}