{"aAcc": 93.85, "mIoU": 67.92, "mAcc": 76.91, "data_time": 0.12211414670944214, "time": 26.023842114925383}