{"aAcc": 95.85, "mIoU": 77.78, "mAcc": 85.23, "data_time": 0.004834157466888428, "time": 5.466446806430817}