{"aAcc": 84.36, "mIoU": 53.58, "mAcc": 65.98, "data_time": 0.0016428632736206054, "time": 0.3929468375444412}