{"aAcc": 72.41, "mIoU": 34.51, "mAcc": 46.24, "data_time": 0.017059269070625306, "time": 4.616648203849793}