{"aAcc": 51.95, "mIoU": 34.79, "mAcc": 46.49, "data_time": 0.004636477947235107, "time": 0.17869954156875612}