{"aAcc": 90.05, "mIoU": 51.73, "mAcc": 59.38, "data_time": 0.005624204158782959, "time": 0.5463115005493164}