{"aAcc": 83.81, "mIoU": 51.99, "mAcc": 61.91, "data_time": 0.0024491214752197267, "time": 0.8482958635091782}