{"aAcc": 95.67, "mIoU": 76.1, "mAcc": 82.83, "data_time": 0.017936933040618896, "time": 39.830589985370636}