{"aAcc": 85.68, "mIoU": 57.36, "mAcc": 69.44, "data_time": 0.0019083958864212036, "time": 0.45285199081897737}