{"aAcc": 92.94, "mIoU": 61.51, "mAcc": 70.91, "data_time": 0.004909031391143799, "time": 0.48017154169082643}