{"aAcc": 90.18, "mIoU": 61.53, "mAcc": 74.07, "data_time": 0.002287096118334658, "time": 0.4013231985317254}