{"aAcc": 79.55, "mIoU": 26.74, "mAcc": 35.96, "data_time": 0.002155878858125317, "time": 0.2820447387984903}