{"aAcc": 86.25, "mIoU": 51.45, "mAcc": 64.96, "data_time": 0.004738956928253174, "time": 6.057765077114105}