{"aAcc": 81.03, "mIoU": 44.96, "mAcc": 55.57, "data_time": 0.0016154035329818725, "time": 0.20198255956172942}