{"aAcc": 96.24, "mIoU": 78.83, "mAcc": 86.02, "data_time": 0.005483900547027588, "time": 1.5161266436576843}