{"aAcc": 94.69, "mIoU": 76.01, "mAcc": 83.29, "data_time": 0.0016537142096098906, "time": 0.46778511836497516}