{"aAcc": 84.6, "mIoU": 42.36, "mAcc": 59.31, "data_time": 0.003384973362777215, "time": 7.06254502178637}