{"aAcc": 91.63, "mIoU": 64.54, "mAcc": 75.26, "data_time": 0.0021544345252838028, "time": 0.40889580781250845}