{"aAcc": 82.49, "mIoU": 37.49, "mAcc": 49.85, "data_time": 0.004787524700164795, "time": 4.321462512016296}