{"aAcc": 95.79, "mIoU": 77.01, "mAcc": 84.57, "data_time": 0.004937405109405517, "time": 37.243865300655365}