{"aAcc": 94.73, "mIoU": 76.27, "mAcc": 83.92, "data_time": 0.0016019523678523578, "time": 0.4232060305409139}