{"aAcc": 85.49, "mIoU": 44.36, "mAcc": 57.36, "data_time": 0.0022938802704636683, "time": 1.1273128772456535}