{"aAcc": 94.8, "mIoU": 76.62, "mAcc": 85.48, "data_time": 0.0015120080127808207, "time": 0.44570031554391254}