{"aAcc": 95.9, "mIoU": 77.24, "mAcc": 86.23, "data_time": 0.006265624523162842, "time": 5.403296802043915}