{"aAcc": 95.4, "mIoU": 73.87, "mAcc": 80.97, "data_time": 0.018191460609436036, "time": 1.5201024508476257}