{"aAcc": 92.5, "mIoU": 68.18, "mAcc": 79.66, "data_time": 0.001830636755691223, "time": 0.06747705612287923}