{"aAcc": 0.65, "mIoU": 0.27, "mAcc": 0.89, "data_time": 0.023043671607971192, "time": 6.600391903281212}