{"aAcc": 73.61, "mIoU": 25.02, "mAcc": 36.29, "data_time": 0.006889626026153565, "time": 4.457571350097656}