{"aAcc": 77.29, "mIoU": 36.07, "mAcc": 43.95, "data_time": 0.052558828830718995, "time": 3.007293637275696}