{"aAcc": 67.04, "mIoU": 29.88, "mAcc": 36.78, "data_time": 0.0026543112993240355, "time": 2.495679219007492}