{"aAcc": 91.69, "mIoU": 65.44, "mAcc": 77.71, "data_time": 0.00377462138958517, "time": 0.48047374050069297}