{"aAcc": 94.07, "mIoU": 74.0, "mAcc": 81.9, "data_time": 0.0014320194844626986, "time": 0.3726621080547304}