{"aAcc": 74.12, "mIoU": 38.34, "mAcc": 50.75, "data_time": 0.00563453483581543, "time": 0.30551081943511965}