{"aAcc": 37.66, "mIoU": 1.98, "mAcc": 5.26, "data_time": 0.004992333889007569, "time": 0.1606108365058899}