{"aAcc": 61.7, "mIoU": 22.52, "mAcc": 28.55, "data_time": 0.004793606281280518, "time": 1.1045198950767516}