{"aAcc": 80.51, "mIoU": 44.25, "mAcc": 55.07, "data_time": 0.002038395285606384, "time": 0.9613773472309113}