{"aAcc": 83.18, "mIoU": 40.67, "mAcc": 58.21, "data_time": 0.002118335089410396, "time": 1.2291817031620782}