{"aAcc": 25.88, "mIoU": 6.45, "mAcc": 11.65, "data_time": 0.002944732904434204, "time": 0.5793081437349319}