{"aAcc": 96.13, "mIoU": 79.93, "mAcc": 87.05, "data_time": 0.005861462116241455, "time": 0.3835225486755371}