{"aAcc": 83.21, "mIoU": 53.16, "mAcc": 65.73, "data_time": 0.0016885921955108643, "time": 0.4500853772163391}