{"aAcc": 73.28, "mIoU": 27.97, "mAcc": 39.07, "data_time": 0.04014223289489746, "time": 5.471412323474884}