{"aAcc": 72.96, "mIoU": 34.56, "mAcc": 45.74, "data_time": 0.03733736860752106, "time": 8.477881776094437}