{"aAcc": 74.15, "mIoU": 25.08, "mAcc": 31.06, "data_time": 0.04051183176040649, "time": 1.243160800933838}