{"aAcc": 95.63, "mIoU": 76.82, "mAcc": 85.8, "data_time": 0.004552137851715088, "time": 0.39241858673095703}