{"aAcc": 70.02, "mIoU": 24.96, "mAcc": 30.51, "data_time": 0.0021751391887664794, "time": 0.3457212816476822}