{"aAcc": 88.69, "mIoU": 61.12, "mAcc": 79.55, "data_time": 0.023846099259855008, "time": 4.0747913165780245}