{"aAcc": 9.44, "mIoU": 0.1, "mAcc": 0.75, "data_time": 0.002379541277885437, "time": 2.114124483704567}