{"aAcc": 89.65, "mIoU": 58.98, "mAcc": 68.58, "data_time": 0.06835607051849366, "time": 4.596079995632172}