{"aAcc": 79.95, "mIoU": 41.37, "mAcc": 51.1, "data_time": 0.001626287341117859, "time": 0.4931689410209656}