{"aAcc": 74.6, "mIoU": 38.2, "mAcc": 50.98, "data_time": 0.013547971725463867, "time": 1.5216353729963303}