{"aAcc": 83.42, "mIoU": 37.94, "mAcc": 49.37, "data_time": 0.006075650691986084, "time": 4.541148947238922}