{"aAcc": 85.65, "mIoU": 48.47, "mAcc": 56.29, "data_time": 0.004288650512695312, "time": 0.5152698807716369}