{"aAcc": 82.99, "mIoU": 50.01, "mAcc": 60.2, "data_time": 0.00225899076461792, "time": 1.2036823478937149}