{"aAcc": 77.91, "mIoU": 43.98, "mAcc": 52.41, "data_time": 0.006457020759582519, "time": 1.7713715753555297}