{"aAcc": 84.38, "mIoU": 49.56, "mAcc": 70.44, "data_time": 0.015496426405291298, "time": 1.3361816636606114}