{"aAcc": 75.31, "mIoU": 39.12, "mAcc": 51.53, "data_time": 0.017409444689750673, "time": 5.332499709248543}