{"aAcc": 96.52, "mIoU": 81.55, "mAcc": 87.66, "data_time": 0.004938665390014648, "time": 0.472175564289093}