{"aAcc": 95.97, "mIoU": 77.22, "mAcc": 87.05, "data_time": 0.005911696434020996, "time": 0.4189920859336853}