{"aAcc": 92.7, "mIoU": 66.99, "mAcc": 75.1, "data_time": 0.0045445747375488284, "time": 0.31922613525390625}