{"aAcc": 93.47, "mIoU": 70.48, "mAcc": 77.98, "data_time": 0.0047319016456604, "time": 0.45654190015792845}