{"aAcc": 68.5, "mIoU": 23.54, "mAcc": 30.67, "data_time": 0.003538063406944275, "time": 0.1612350525856018}