{"aAcc": 95.05, "mIoU": 77.35, "mAcc": 85.23, "data_time": 0.0016560625256629876, "time": 0.3888623803298666}