{"aAcc": 96.26, "mIoU": 79.76, "mAcc": 86.51, "data_time": 0.005505560874938965, "time": 0.5932157111167907}