{"aAcc": 95.03, "mIoU": 78.14, "mAcc": 89.85, "data_time": 0.0018865770928361155, "time": 0.11410614735015595}