{"aAcc": 95.47, "mIoU": 75.0, "mAcc": 83.1, "data_time": 0.004394750118255616, "time": 5.1905472655296325}