{"aAcc": 83.72, "mIoU": 50.9, "mAcc": 62.43, "data_time": 0.002098405361175537, "time": 0.37450347244739535}