{"aAcc": 94.08, "mIoU": 73.87, "mAcc": 81.65, "data_time": 0.001961425224446362, "time": 0.4094481887777893}