{"aAcc": 54.03, "mIoU": 23.28, "mAcc": 34.27, "data_time": 0.006611821651458741, "time": 1.7932438216209412}