{"aAcc": 89.18, "mIoU": 56.48, "mAcc": 69.51, "data_time": 0.0016228055197095115, "time": 0.42569485115461964}