{"aAcc": 3.04, "mIoU": 0.84, "mAcc": 2.78, "data_time": 0.0234278404712677, "time": 4.694089049100876}