{"aAcc": 83.4, "mIoU": 51.08, "mAcc": 62.63, "data_time": 0.003007261872291565, "time": 0.6795379863977432}