{"aAcc": 0.01, "mIoU": 0.0, "mAcc": 0.0, "data_time": 0.016653401970863343, "time": 5.026889306902885}