{"aAcc": 92.37, "mIoU": 68.03, "mAcc": 76.62, "data_time": 0.004564767360687256, "time": 0.37817184162139894}