{"aAcc": 96.78, "mIoU": 82.57, "mAcc": 89.21, "data_time": 0.10179151582717895, "time": 0.4454725522994995}