{"aAcc": 96.2, "mIoU": 79.77, "mAcc": 86.63, "data_time": 0.006157369613647461, "time": 5.470081339359283}