{"aAcc": 16.45, "mIoU": 3.61, "mAcc": 11.48, "data_time": 0.02623501179381187, "time": 8.014437714142993}