{"aAcc": 94.89, "mIoU": 77.15, "mAcc": 85.87, "data_time": 0.0015796254304789772, "time": 0.5996247012504962}