{"aAcc": 90.82, "mIoU": 58.08, "mAcc": 65.59, "data_time": 0.004501532077789307, "time": 0.48945606136322023}