{"aAcc": 92.93, "mIoU": 72.21, "mAcc": 84.8, "data_time": 0.0016838380433181963, "time": 1.1011544815666352}