{"aAcc": 96.25, "mIoU": 78.36, "mAcc": 85.46, "data_time": 0.006063883304595947, "time": 0.3705350670814514}