{"aAcc": 95.86, "mIoU": 77.68, "mAcc": 85.06, "data_time": 0.004515702247619629, "time": 5.1058339819908145}