{"aAcc": 80.62, "mIoU": 43.68, "mAcc": 56.26, "data_time": 0.0014496510028839111, "time": 0.1266584403514862}