{"aAcc": 91.6, "mIoU": 65.12, "mAcc": 74.49, "data_time": 0.00798895788192749, "time": 0.3231726198196411}