{"aAcc": 43.9, "mIoU": 17.86, "mAcc": 27.14, "data_time": 0.007828845024108886, "time": 0.7417252097129822}