{"aAcc": 71.35, "mIoU": 25.32, "mAcc": 34.87, "data_time": 0.004691561698913574, "time": 0.5746765127182006}