{"aAcc": 54.47, "mIoU": 21.56, "mAcc": 32.87, "data_time": 0.00547767972946167, "time": 1.2444695267677308}