{"aAcc": 94.21, "mIoU": 75.71, "mAcc": 88.38, "data_time": 0.0017056292381839476, "time": 0.16476319130738906}