{"aAcc": 84.17, "mIoU": 39.33, "mAcc": 48.34, "data_time": 0.007270604610443115, "time": 4.502701097011566}