{"aAcc": 81.72, "mIoU": 45.37, "mAcc": 58.24, "data_time": 0.0020035576820373537, "time": 0.20937322199344635}