{"aAcc": 96.58, "mIoU": 81.43, "mAcc": 88.95, "data_time": 0.006437852382659912, "time": 1.2963756623268128}