{"aAcc": 83.63, "mIoU": 51.77, "mAcc": 64.51, "data_time": 0.0020139293670654295, "time": 0.24569357299804687}