{"aAcc": 84.59, "mIoU": 54.28, "mAcc": 65.18, "data_time": 0.0015777291059494017, "time": 0.4326063960790634}