{"aAcc": 94.33, "mIoU": 74.77, "mAcc": 82.04, "data_time": 0.002207404255784734, "time": 0.38830418780888254}