{"aAcc": 37.67, "mIoU": 1.99, "mAcc": 5.27, "data_time": 0.004598139762878418, "time": 0.15241247367858887}