{"aAcc": 81.24, "mIoU": 41.2, "mAcc": 66.65, "data_time": 0.0020115732570777194, "time": 0.32375424100745537}