{"aAcc": 96.9, "mIoU": 83.3, "mAcc": 88.87, "data_time": 0.005522156715393066, "time": 0.9267416100502014}