{"aAcc": 92.4, "mIoU": 67.75, "mAcc": 76.45, "data_time": 0.002013275424228034, "time": 0.3749338558741978}