{"aAcc": 42.16, "mIoU": 6.78, "mAcc": 9.69, "data_time": 0.002593353509902954, "time": 4.081723067760468}