{"aAcc": 92.56, "mIoU": 67.57, "mAcc": 76.73, "data_time": 0.002334323070886795, "time": 6.695367265191877}