{"aAcc": 80.12, "mIoU": 42.39, "mAcc": 52.94, "data_time": 0.0021002668142318724, "time": 0.20721911680698396}