{"aAcc": 96.0, "mIoU": 78.21, "mAcc": 85.02, "data_time": 0.0047664580345153805, "time": 0.5250451312065124}