{"aAcc": 94.8, "mIoU": 76.62, "mAcc": 85.48, "data_time": 0.0015091191825577109, "time": 0.44408355094878077}