{"aAcc": 75.82, "mIoU": 26.32, "mAcc": 33.08, "data_time": 0.01965070962905884, "time": 1.1235772495269776}