{"aAcc": 85.16, "mIoU": 43.2, "mAcc": 54.65, "data_time": 0.0020848756991558195, "time": 1.1726879361088807}