{"aAcc": 96.53, "mIoU": 80.44, "mAcc": 87.21, "data_time": 0.10152906608581543, "time": 1.2672961840629577}