{"aAcc": 8.45, "mIoU": 1.49, "mAcc": 3.48, "data_time": 0.022256892561912538, "time": 8.532431590795516}