{"aAcc": 78.51, "mIoU": 40.23, "mAcc": 50.29, "data_time": 0.0020887309312820432, "time": 1.0464867428541182}