{"aAcc": 81.43, "mIoU": 31.8, "mAcc": 44.6, "data_time": 0.0030974887666248138, "time": 0.32712189521026086}