{"aAcc": 1.01, "mIoU": 0.25, "mAcc": 0.86, "data_time": 0.019560632586479186, "time": 8.435028909087182}