{"aAcc": 82.89, "mIoU": 49.58, "mAcc": 62.59, "data_time": 0.002143995404243469, "time": 0.26507250356674195}