{"aAcc": 82.16, "mIoU": 47.91, "mAcc": 61.39, "data_time": 0.0016268736124038696, "time": 0.2781532129049301}