{"aAcc": 82.17, "mIoU": 32.99, "mAcc": 45.39, "data_time": 0.0026507667215056384, "time": 7.170630540413392}