{"aAcc": 78.38, "mIoU": 40.69, "mAcc": 49.68, "data_time": 0.0016580908298492432, "time": 0.2020614025592804}