{"aAcc": 82.02, "mIoU": 46.74, "mAcc": 57.62, "data_time": 0.0016776853799819946, "time": 0.13895179402828217}