{"aAcc": 92.03, "mIoU": 60.54, "mAcc": 69.97, "data_time": 0.006005363941192627, "time": 0.41165875148773196}