{"aAcc": 94.79, "mIoU": 77.84, "mAcc": 89.18, "data_time": 0.002100292117617063, "time": 0.17044286352753887}