{"aAcc": 75.93, "mIoU": 33.99, "mAcc": 44.39, "data_time": 0.004398489832878113, "time": 0.1783163880109787}