{"aAcc": 86.71, "mIoU": 57.38, "mAcc": 67.68, "data_time": 0.004848392963409423, "time": 0.2367089991569519}