{"aAcc": 86.03, "mIoU": 50.8, "mAcc": 63.4, "data_time": 0.006057939529418945, "time": 6.045895534038544}