{"aAcc": 85.66, "mIoU": 46.5, "mAcc": 55.21, "data_time": 0.004516549587249756, "time": 0.5772811675071716}