{"aAcc": 95.02, "mIoU": 77.98, "mAcc": 88.3, "data_time": 0.001975314546404747, "time": 0.318617290097981}