{"aAcc": 90.83, "mIoU": 65.67, "mAcc": 81.66, "data_time": 0.032638215952860726, "time": 5.379159180356191}