{"aAcc": 95.86, "mIoU": 77.02, "mAcc": 83.84, "data_time": 0.17004980039596557, "time": 43.65874836826325}