{"aAcc": 86.37, "mIoU": 50.91, "mAcc": 63.52, "data_time": 0.00501810884475708, "time": 5.5496496467590335}