{"aAcc": 92.54, "mIoU": 67.77, "mAcc": 79.13, "data_time": 0.0017825594599942983, "time": 0.5165831364788953}