{"aAcc": 91.7, "mIoU": 68.38, "mAcc": 82.26, "data_time": 0.0019621016487242683, "time": 1.1285408193115698}