{"aAcc": 95.96, "mIoU": 78.41, "mAcc": 85.18, "data_time": 0.004636823654174805, "time": 0.4470318241119385}