{"aAcc": 76.25, "mIoU": 38.35, "mAcc": 50.14, "data_time": 0.017719193935394287, "time": 2.1894260439872744}