{"aAcc": 96.27, "mIoU": 79.48, "mAcc": 86.32, "data_time": 0.004569719791412354, "time": 1.3613884744644165}