{"aAcc": 94.95, "mIoU": 78.0, "mAcc": 85.0, "data_time": 0.0018932615336753156, "time": 0.3643538963391585}