{"aAcc": 0.0, "mIoU": 0.0, "mAcc": 0.0, "data_time": 0.00264136266708374, "time": 1.4375166974067688}