{"aAcc": 89.45, "mIoU": 59.85, "mAcc": 74.05, "data_time": 0.002120303811493868, "time": 0.9357187951985024}