{"aAcc": 81.62, "mIoU": 45.27, "mAcc": 56.08, "data_time": 0.0014837220907211303, "time": 0.2878569202423096}