{"aAcc": 81.03, "mIoU": 40.61, "mAcc": 65.75, "data_time": 0.0017202571805713092, "time": 0.31637826847816186}