{"aAcc": 84.55, "mIoU": 53.36, "mAcc": 63.64, "data_time": 0.0015874841213226317, "time": 0.5627570351362229}