{"aAcc": 79.93, "mIoU": 33.84, "mAcc": 42.54, "data_time": 0.00484838342666626, "time": 0.3534694218635559}