{"aAcc": 95.6, "mIoU": 80.88, "mAcc": 90.44, "data_time": 0.0019443351042690237, "time": 0.3390862186502966}