{"aAcc": 81.95, "mIoU": 47.18, "mAcc": 59.97, "data_time": 0.0020615743398666384, "time": 0.4167021380662918}