{"aAcc": 80.38, "mIoU": 44.05, "mAcc": 56.36, "data_time": 0.0016324124336242675, "time": 0.18887211287021638}