{"aAcc": 94.71, "mIoU": 75.95, "mAcc": 83.15, "data_time": 0.002223875376172852, "time": 0.3973756975104185}