{"aAcc": 6.49, "mIoU": 1.07, "mAcc": 4.36, "data_time": 0.022240338282720068, "time": 2.5718661251357706}