{"aAcc": 85.86, "mIoU": 50.77, "mAcc": 64.0, "data_time": 0.0065941338539123534, "time": 6.045437517642974}