{"aAcc": 90.21, "mIoU": 60.22, "mAcc": 72.04, "data_time": 0.0016309632524446917, "time": 0.5117765358187067}