{"aAcc": 91.22, "mIoU": 65.86, "mAcc": 77.33, "data_time": 0.0016324093952271098, "time": 1.3025831638162428}