{"aAcc": 94.64, "mIoU": 70.77, "mAcc": 79.1, "data_time": 0.009725900650024414, "time": 0.3737647008895874}