{"aAcc": 62.4, "mIoU": 24.01, "mAcc": 35.17, "data_time": 0.004637820243835449, "time": 0.5849738712310791}