{"aAcc": 79.39, "mIoU": 40.65, "mAcc": 51.26, "data_time": 0.0016653672456741332, "time": 0.4086840834617615}