{"aAcc": 91.82, "mIoU": 60.71, "mAcc": 71.85, "data_time": 0.12019529342651367, "time": 20.359470362186432}