{"aAcc": 75.06, "mIoU": 33.56, "mAcc": 43.34, "data_time": 0.005252533912658691, "time": 1.7293409008979796}