{"aAcc": 95.56, "mIoU": 75.36, "mAcc": 83.04, "data_time": 0.006893757343292236, "time": 5.488338498592377}