{"aAcc": 96.24, "mIoU": 78.83, "mAcc": 86.02, "data_time": 0.004616344928741455, "time": 1.3344084439277648}