{"aAcc": 86.97, "mIoU": 52.95, "mAcc": 65.46, "data_time": 0.12327358722686768, "time": 23.557904203414918}