{"aAcc": 78.71, "mIoU": 41.78, "mAcc": 51.53, "data_time": 0.002361487984657288, "time": 0.24035860753059388}