{"aAcc": 83.32, "mIoU": 49.72, "mAcc": 60.44, "data_time": 0.0031230939626693726, "time": 10.514798020124436}