{"aAcc": 37.66, "mIoU": 1.98, "mAcc": 5.26, "data_time": 0.004689370155334473, "time": 1.1023790283203125}