{"aAcc": 63.41, "mIoU": 18.87, "mAcc": 24.27, "data_time": 0.002203341603279114, "time": 0.3277933292388916}