{"aAcc": 94.98, "mIoU": 78.88, "mAcc": 88.95, "data_time": 0.0017492772794082464, "time": 0.2620387719037863}