{"aAcc": 80.9, "mIoU": 43.4, "mAcc": 54.41, "data_time": 0.0016712652444839477, "time": 0.26817387068271636}