{"aAcc": 52.64, "mIoU": 20.85, "mAcc": 26.2, "data_time": 0.004745565414428711, "time": 1.6958410987854005}