{"aAcc": 94.87, "mIoU": 77.31, "mAcc": 88.68, "data_time": 0.0020359599072000256, "time": 0.10192001976581834}