{"aAcc": 92.48, "mIoU": 61.11, "mAcc": 80.37, "data_time": 0.0674009394645691, "time": 3.7932942700386048}