{"aAcc": 78.54, "mIoU": 45.56, "mAcc": 55.27, "data_time": 0.0022717918157577513, "time": 0.35374354469776154}