{"aAcc": 96.29, "mIoU": 79.03, "mAcc": 86.0, "data_time": 0.004600441932678222, "time": 0.3387402901649475}