{"aAcc": 94.67, "mIoU": 73.22, "mAcc": 84.67, "data_time": 0.0704547929763794, "time": 4.355788705348968}