{"aAcc": 95.23, "mIoU": 78.17, "mAcc": 85.74, "data_time": 0.002310140121386247, "time": 0.38139781102877474}