{"aAcc": 66.08, "mIoU": 24.4, "mAcc": 30.97, "data_time": 0.0016724133491516113, "time": 0.5554905710220337}