{"aAcc": 93.28, "mIoU": 64.62, "mAcc": 73.8, "data_time": 0.005948367118835449, "time": 5.479655074596405}