{"aAcc": 64.53, "mIoU": 19.48, "mAcc": 24.69, "data_time": 0.0017065857648849488, "time": 0.34841959178447723}