{"aAcc": 88.56, "mIoU": 52.53, "mAcc": 59.32, "data_time": 0.0017545083377014119, "time": 0.6289464629379283}