{"aAcc": 89.22, "mIoU": 52.32, "mAcc": 63.19, "data_time": 0.007214528560638428, "time": 0.4212717752456665}