{"aAcc": 79.28, "mIoU": 31.24, "mAcc": 43.19, "data_time": 0.004732200622558594, "time": 3.879257180213928}