{"aAcc": 37.9, "mIoU": 2.06, "mAcc": 5.32, "data_time": 0.006176297664642334, "time": 0.4559062876701355}