{"aAcc": 70.65, "mIoU": 34.64, "mAcc": 49.68, "data_time": 0.015546689867973328, "time": 7.586353726148605}