{"aAcc": 84.3, "mIoU": 50.73, "mAcc": 64.23, "data_time": 0.12173203659057617, "time": 6.738181577682495}