{"aAcc": 96.07, "mIoU": 79.81, "mAcc": 87.36, "data_time": 0.00654310417175293, "time": 6.6100073947906495}