{"aAcc": 0.64, "mIoU": 0.21, "mAcc": 0.88, "data_time": 0.02814378845691681, "time": 6.51053987789154}