{"aAcc": 91.56, "mIoU": 65.3, "mAcc": 78.87, "data_time": 0.0017799243505779343, "time": 0.07255740343413739}