{"aAcc": 94.42, "mIoU": 75.85, "mAcc": 86.44, "data_time": 0.00201275432578772, "time": 0.14520890586042173}