{"aAcc": 79.8, "mIoU": 32.78, "mAcc": 45.4, "data_time": 0.0057631988525390625, "time": 4.21409072971344}