{"lr": 0.0019819639278557113, "data_time": 0.010000648498535157, "loss": 0.7060572302341461, "loss_rpn_cls": 0.5911988684535027, "loss_rpn_bbox": 0.11485836741514505, "time": 0.1765505599975586, "epoch": 1, "iter": 50, "memory": 3405, "step": 50}
{"lr": 0.0039839679358717435, "data_time": 0.002975730895996094, "loss": 0.32756744652986525, "loss_rpn_cls": 0.23411734402179718, "loss_rpn_bbox": 0.0934501014649868, "time": 0.16017434120178223, "epoch": 1, "iter": 100, "memory": 3405, "step": 100}
{"lr": 0.005985971943887774, "data_time": 0.0029506540298461915, "loss": 0.3792485366761684, "loss_rpn_cls": 0.24612330958247186, "loss_rpn_bbox": 0.13312522694468498, "time": 0.15836140632629395, "epoch": 1, "iter": 150, "memory": 3405, "step": 150}
{"lr": 0.007987975951903804, "data_time": 0.0028944826126098633, "loss": 0.36763431280851366, "loss_rpn_cls": 0.24407447934150694, "loss_rpn_bbox": 0.12355983301997185, "time": 0.1596708631515503, "epoch": 1, "iter": 200, "memory": 3405, "step": 200}
