{"aAcc": 31.05, "mIoU": 4.25, "mAcc": 7.17, "data_time": 0.0026505889892578125, "time": 0.3786240768432617}