{"aAcc": 84.9, "mIoU": 41.59, "mAcc": 53.42, "data_time": 0.005686222076416015, "time": 6.1236529474258425}