{"aAcc": 62.97, "mIoU": 22.57, "mAcc": 28.82, "data_time": 0.004732964992523193, "time": 1.0619962391853333}