{"aAcc": 92.97, "mIoU": 71.01, "mAcc": 81.81, "data_time": 0.0019197519932885759, "time": 0.12780214409074592}