{"aAcc": 61.7, "mIoU": 21.32, "mAcc": 29.23, "data_time": 0.002157313585281372, "time": 1.009264382839203}