{"lr": 0.00997816673168354, "data_time": 0.004612588882446289, "loss": 2.082428848743439, "decode.loss_ce": 1.4894662976264954, "decode.acc_seg": 30.048084259033203, "aux.loss_ce": 0.5929625332355499, "aux.acc_seg": 30.037212371826172, "time": 0.39706375598907473, "iter": 50, "memory": 20110, "step": 50}
{"lr": 0.009955882357842396, "data_time": 0.004562067985534668, "loss": 1.7249707758426667, "decode.loss_ce": 1.224446314573288, "decode.acc_seg": 58.82014846801758, "aux.loss_ce": 0.5005244523286819, "aux.acc_seg": 54.62141418457031, "time": 0.3979631423950195, "iter": 100, "memory": 5932, "step": 100}
