{"aAcc": 96.58, "mIoU": 82.23, "mAcc": 87.96, "data_time": 0.12791125392913819, "time": 0.7113556389808655}