{"aAcc": 93.99, "mIoU": 65.72, "mAcc": 74.7, "data_time": 0.006648829936981201, "time": 5.7582651438713075}