{"aAcc": 91.74, "mIoU": 67.39, "mAcc": 78.28, "data_time": 0.002240220294317926, "time": 1.4241333274367434}