{"aAcc": 80.91, "mIoU": 43.61, "mAcc": 55.29, "data_time": 0.001971451759338379, "time": 0.20202363955974578}