{"aAcc": 92.69, "mIoU": 60.74, "mAcc": 73.1, "data_time": 0.010582287311553955, "time": 43.081736186504365}