{"aAcc": 24.37, "mIoU": 2.09, "mAcc": 3.56, "data_time": 0.0024239699840545655, "time": 5.141118429899215}