{"aAcc": 95.48, "mIoU": 74.44, "mAcc": 81.79, "data_time": 0.005155231475830078, "time": 0.22220146083831788}