{"aAcc": 96.25, "mIoU": 79.59, "mAcc": 86.51, "data_time": 0.005688719272613526, "time": 0.4601289782524109}