{"aAcc": 71.53, "mIoU": 34.8, "mAcc": 47.43, "data_time": 0.01772728979587555, "time": 5.549266944289207}