{"aAcc": 74.31, "mIoU": 37.26, "mAcc": 49.57, "data_time": 0.0016377865076065063, "time": 1.0368343201875687}