{"aAcc": 4.84, "mIoU": 1.07, "mAcc": 2.75, "data_time": 0.017610812902450562, "time": 6.583433418869972}