{"aAcc": 80.63, "mIoU": 43.66, "mAcc": 53.92, "data_time": 0.0015026377439498902, "time": 0.2930638163089752}