{"aAcc": 69.22, "mIoU": 33.12, "mAcc": 41.14, "data_time": 0.002450767278671265, "time": 5.389827198982239}