{"aAcc": 85.68, "mIoU": 57.36, "mAcc": 69.44, "data_time": 0.0016250849962234496, "time": 0.43755206978321076}