{"aAcc": 83.31, "mIoU": 51.07, "mAcc": 63.37, "data_time": 0.0024120160341262816, "time": 0.2640689128637314}