{"aAcc": 80.82, "mIoU": 34.16, "mAcc": 41.13, "data_time": 0.041802191734313966, "time": 2.221681095600128}