{"aAcc": 84.63, "mIoU": 40.72, "mAcc": 52.52, "data_time": 0.005388455390930176, "time": 6.122749263763428}