{"aAcc": 80.1, "mIoU": 42.23, "mAcc": 52.45, "data_time": 0.0015818806886672974, "time": 0.27392404413223265}