{"aAcc": 80.86, "mIoU": 43.81, "mAcc": 53.94, "data_time": 0.001830683469772339, "time": 0.4715745905637741}