{"aAcc": 65.11, "mIoU": 24.67, "mAcc": 30.81, "data_time": 0.0018422282934188842, "time": 0.5514171309471131}