{"aAcc": 69.22, "mIoU": 33.12, "mAcc": 41.14, "data_time": 0.003339866757392883, "time": 5.509771991014481}