{"aAcc": 90.52, "mIoU": 65.53, "mAcc": 81.81, "data_time": 0.01596179873964719, "time": 5.2940544889580385}