{"aAcc": 73.32, "mIoU": 35.08, "mAcc": 46.83, "data_time": 0.001740100860595703, "time": 1.2531694419384003}