{"aAcc": 92.78, "mIoU": 60.58, "mAcc": 68.32, "data_time": 0.005210858345031738, "time": 0.3544328284263611}