{"aAcc": 96.0, "mIoU": 79.07, "mAcc": 87.82, "data_time": 0.006259106636047364, "time": 0.5264221549034118}