{"aAcc": 78.18, "mIoU": 40.44, "mAcc": 51.5, "data_time": 0.005668501853942871, "time": 0.346560480594635}