{"aAcc": 37.7, "mIoU": 2.01, "mAcc": 5.27, "data_time": 0.004881147861480713, "time": 0.30584991884231566}