{"aAcc": 1.49, "mIoU": 0.24, "mAcc": 2.6, "data_time": 0.016471871678133188, "time": 6.568567393153515}