{"aAcc": 96.35, "mIoU": 83.28, "mAcc": 92.27, "data_time": 0.0018156096390644545, "time": 0.22752262757842998}