{"aAcc": 95.09, "mIoU": 72.21, "mAcc": 81.41, "data_time": 0.004620841026306152, "time": 0.30273918104171754}