{"aAcc": 83.67, "mIoU": 52.44, "mAcc": 66.44, "data_time": 0.01592529034614563, "time": 0.5067065620422363}