{"aAcc": 96.22, "mIoU": 82.75, "mAcc": 91.81, "data_time": 0.0017800003680959087, "time": 0.10565601010582544}