{"aAcc": 80.23, "mIoU": 26.25, "mAcc": 35.4, "data_time": 0.0018647457501903084, "time": 0.4979731880277498}