{"aAcc": 69.01, "mIoU": 25.16, "mAcc": 36.06, "data_time": 0.008806030750274658, "time": 4.256907811164856}