{"aAcc": 73.86, "mIoU": 34.9, "mAcc": 45.27, "data_time": 0.001702536940574646, "time": 0.3016099697351456}