{"aAcc": 96.44, "mIoU": 80.42, "mAcc": 87.11, "data_time": 0.004658824443817139, "time": 0.4527695932388306}