{"aAcc": 6.64, "mIoU": 0.75, "mAcc": 1.42, "data_time": 0.030239179611206056, "time": 5.337114910840988}