{"aAcc": 82.58, "mIoU": 49.63, "mAcc": 63.3, "data_time": 0.016718949794769285, "time": 11.204272079706191}