{"aAcc": 89.78, "mIoU": 58.71, "mAcc": 71.87, "data_time": 0.001554596415875779, "time": 0.4380562418983096}