{"aAcc": 94.5, "mIoU": 70.19, "mAcc": 78.57, "data_time": 0.11732202386856079, "time": 17.469529844760896}