{"aAcc": 81.24, "mIoU": 41.2, "mAcc": 66.65, "data_time": 0.0019984342378941465, "time": 0.32478082961588584}