{"aAcc": 91.61, "mIoU": 61.93, "mAcc": 69.01, "data_time": 0.004477336406707764, "time": 0.959280535697937}