{"aAcc": 96.03, "mIoU": 81.49, "mAcc": 90.72, "data_time": 0.0017772290194914865, "time": 0.09487529982362146}