{"aAcc": 34.46, "mIoU": 4.2, "mAcc": 7.0, "data_time": 0.001691884756088257, "time": 0.5378339211940766}