{"aAcc": 62.73, "mIoU": 23.9, "mAcc": 29.4, "data_time": 0.0026244282722473144, "time": 1.5028428786993027}