{"aAcc": 96.54, "mIoU": 81.9, "mAcc": 88.05, "data_time": 0.004620033740997315, "time": 0.4985038204193115}