{"aAcc": 79.89, "mIoU": 41.27, "mAcc": 50.62, "data_time": 0.0015875930786132812, "time": 0.3442036657333374}