{"aAcc": 80.67, "mIoU": 34.07, "mAcc": 44.66, "data_time": 0.006361064434051514, "time": 5.415085247993469}