{"aAcc": 69.99, "mIoU": 28.41, "mAcc": 38.25, "data_time": 0.0023388803005218507, "time": 0.18990212368965148}