{"aAcc": 2.49, "mIoU": 0.28, "mAcc": 0.93, "data_time": 0.017983233690261842, "time": 5.324867396473884}