{"aAcc": 84.1, "mIoU": 52.56, "mAcc": 64.3, "data_time": 0.0015933191776275634, "time": 0.2564949152469635}