{"aAcc": 8.24, "mIoU": 1.29, "mAcc": 5.4, "data_time": 0.01382686534036514, "time": 4.506745522395753}