{"aAcc": 74.69, "mIoU": 37.39, "mAcc": 61.22, "data_time": 0.02460751523635896, "time": 4.299011000770795}