{"aAcc": 94.88, "mIoU": 70.31, "mAcc": 78.28, "data_time": 0.05366895580291748, "time": 47.6794879822731}