{"aAcc": 65.84, "mIoU": 19.89, "mAcc": 31.93, "data_time": 0.005888218402862549, "time": 4.575653486251831}