{"aAcc": 80.17, "mIoU": 41.65, "mAcc": 51.67, "data_time": 0.0022273937463760376, "time": 0.2978330212831497}