{"aAcc": 85.63, "mIoU": 55.16, "mAcc": 67.15, "data_time": 0.0022779812812805176, "time": 0.9103507981300354}