{"aAcc": 82.23, "mIoU": 46.43, "mAcc": 61.57, "data_time": 0.12632362654643692, "time": 1.611473307233726}