{"aAcc": 91.59, "mIoU": 67.69, "mAcc": 79.28, "data_time": 0.0016182317990447177, "time": 1.3331051066960031}