{"aAcc": 87.17, "mIoU": 57.65, "mAcc": 78.18, "data_time": 0.016757135312256113, "time": 2.0322621918448585}