{"aAcc": 81.27, "mIoU": 45.37, "mAcc": 58.47, "data_time": 0.001617803454399109, "time": 0.27067402148246766}