{"aAcc": 87.55, "mIoU": 52.56, "mAcc": 64.1, "data_time": 0.12383969354629516, "time": 6.73337730884552}