{"aAcc": 85.72, "mIoU": 51.02, "mAcc": 69.09, "data_time": 0.050070736636944356, "time": 17.053622052289438}