{"aAcc": 76.58, "mIoU": 41.42, "mAcc": 51.68, "data_time": 0.0016769461631774903, "time": 0.13763269233703612}