{"aAcc": 65.36, "mIoU": 24.02, "mAcc": 33.48, "data_time": 0.0017369147539138795, "time": 0.6952533822059631}