{"aAcc": 96.65, "mIoU": 81.71, "mAcc": 89.1, "data_time": 0.10304928159713746, "time": 2.0982086601257324}