{"aAcc": 6.07, "mIoU": 0.74, "mAcc": 6.7, "data_time": 0.017035900271292634, "time": 6.202406119280145}