{"aAcc": 80.86, "mIoU": 43.81, "mAcc": 53.94, "data_time": 0.002002827525138855, "time": 0.47480633449554444}