{"aAcc": 80.91, "mIoU": 45.23, "mAcc": 57.89, "data_time": 0.0017313108444213868, "time": 0.12642139518260956}