{"aAcc": 87.31, "mIoU": 48.69, "mAcc": 60.87, "data_time": 0.004886858463287354, "time": 1.8634726123809815}