{"aAcc": 69.17, "mIoU": 27.37, "mAcc": 35.64, "data_time": 0.0018615138530731201, "time": 0.14000212049484254}