{"aAcc": 80.78, "mIoU": 43.33, "mAcc": 53.68, "data_time": 0.0017912440299987793, "time": 0.3090964697599411}