{"aAcc": 81.81, "mIoU": 46.4, "mAcc": 59.89, "data_time": 0.0015482423305511475, "time": 0.28487813103199006}