{"aAcc": 95.8, "mIoU": 77.56, "mAcc": 85.49, "data_time": 0.00461163330078125, "time": 0.5750080227851868}