{"aAcc": 95.44, "mIoU": 74.71, "mAcc": 82.14, "data_time": 0.013052191257476807, "time": 37.04355958223343}