{"aAcc": 93.33, "mIoU": 59.68, "mAcc": 67.55, "data_time": 0.005004508972167969, "time": 0.615466392993927}