{"aAcc": 81.79, "mIoU": 30.06, "mAcc": 39.56, "data_time": 0.0031586384427720222, "time": 0.3274424143541756}