{"aAcc": 83.52, "mIoU": 35.36, "mAcc": 47.42, "data_time": 0.0018601406023698152, "time": 0.4154883240567478}