{"aAcc": 95.85, "mIoU": 79.06, "mAcc": 87.21, "data_time": 0.004703070640563965, "time": 0.5363646993637085}