{"aAcc": 87.92, "mIoU": 49.92, "mAcc": 60.47, "data_time": 0.005776961803436279, "time": 0.48017642641067504}