{"aAcc": 83.62, "mIoU": 50.49, "mAcc": 63.05, "data_time": 0.0015985339879989624, "time": 0.2267322804927826}