{"aAcc": 95.88, "mIoU": 76.22, "mAcc": 83.59, "data_time": 0.004742628574371338, "time": 1.098845079421997}