{"aAcc": 85.71, "mIoU": 43.63, "mAcc": 59.57, "data_time": 0.014544662070159175, "time": 0.4741880252000955}