{"aAcc": 91.69, "mIoU": 62.46, "mAcc": 68.28, "data_time": 0.1158220796585083, "time": 1.271785394668579}