{"aAcc": 92.28, "mIoU": 70.37, "mAcc": 82.86, "data_time": 0.0020498716066095894, "time": 1.1327925409589494}