{"aAcc": 94.71, "mIoU": 76.26, "mAcc": 84.32, "data_time": 0.0016550150634997297, "time": 0.3360675238509932}