{"aAcc": 82.29, "mIoU": 47.18, "mAcc": 57.94, "data_time": 0.0017330405712127686, "time": 0.34372540044784544}