{"aAcc": 94.27, "mIoU": 66.27, "mAcc": 74.71, "data_time": 0.005183843135833741, "time": 0.20683283376693726}