{"aAcc": 93.56, "mIoU": 61.3, "mAcc": 68.88, "data_time": 0.005533107757568359, "time": 0.5420424661636353}