{"aAcc": 94.48, "mIoU": 75.95, "mAcc": 85.68, "data_time": 0.001723998492960275, "time": 0.16051323714957227}