{"aAcc": 72.39, "mIoU": 27.66, "mAcc": 37.4, "data_time": 0.0051954536437988285, "time": 1.2787622370719909}