{"aAcc": 92.93, "mIoU": 61.87, "mAcc": 74.09, "data_time": 0.0060486488342285155, "time": 0.6329668598175049}