{"aAcc": 49.31, "mIoU": 34.96, "mAcc": 45.09, "data_time": 0.005337091445922851, "time": 0.48917585182189943}