{"aAcc": 95.42, "mIoU": 75.51, "mAcc": 82.25, "data_time": 0.0044236969947814946, "time": 0.40259878063201904}