{"aAcc": 62.74, "mIoU": 23.9, "mAcc": 29.4, "data_time": 0.00228205406665802, "time": 1.497954283118248}