{"aAcc": 37.66, "mIoU": 1.98, "mAcc": 5.26, "data_time": 0.0047550716400146485, "time": 0.3023381052017212}