{"aAcc": 80.57, "mIoU": 38.97, "mAcc": 64.01, "data_time": 0.0032874137636214966, "time": 7.116169265420623}