{"aAcc": 54.6, "mIoU": 21.64, "mAcc": 33.11, "data_time": 0.004633668899536133, "time": 1.1344785928726195}