{"aAcc": 80.08, "mIoU": 40.97, "mAcc": 50.66, "data_time": 0.0016090890169143677, "time": 0.3176766216754913}