{"aAcc": 94.65, "mIoU": 75.78, "mAcc": 84.51, "data_time": 0.0015177312104598336, "time": 0.34890308587447455}