{"aAcc": 83.59, "mIoU": 47.99, "mAcc": 67.08, "data_time": 0.018580162747306114, "time": 8.523445792326523}