{"aAcc": 49.31, "mIoU": 34.96, "mAcc": 45.09, "data_time": 0.004661568164825439, "time": 0.46685798215866087}