{"aAcc": 0.26, "mIoU": 0.05, "mAcc": 0.19, "data_time": 0.09428697443008423, "time": 21.26661456108093}