{"aAcc": 78.57, "mIoU": 38.33, "mAcc": 48.02, "data_time": 0.0022135363817214967, "time": 0.45243771421909335}