{"aAcc": 93.24, "mIoU": 62.09, "mAcc": 73.1, "data_time": 0.005136099815368653, "time": 0.5117016515731811}