{"aAcc": 91.56, "mIoU": 62.3, "mAcc": 71.63, "data_time": 0.005298641681671143, "time": 0.5437117733955383}