{"aAcc": 96.31, "mIoU": 79.7, "mAcc": 86.47, "data_time": 0.004499780178070068, "time": 0.5431894764900208}