{"aAcc": 71.94, "mIoU": 34.81, "mAcc": 59.16, "data_time": 0.036706114736732076, "time": 4.325781474037776}