{"aAcc": 94.14, "mIoU": 74.86, "mAcc": 84.83, "data_time": 0.0018170004963792546, "time": 0.41293322982419517}