{"aAcc": 89.86, "mIoU": 57.19, "mAcc": 65.24, "data_time": 0.004653467655181885, "time": 0.4187393345832825}