{"aAcc": 95.42, "mIoU": 75.51, "mAcc": 82.25, "data_time": 0.004639710903167725, "time": 0.39518510961532594}