{"aAcc": 80.87, "mIoU": 43.88, "mAcc": 53.44, "data_time": 0.001694536805152893, "time": 0.19736003839969635}