{"aAcc": 95.25, "mIoU": 79.67, "mAcc": 89.15, "data_time": 0.0019401432811350062, "time": 0.1714035615664338}