{"aAcc": 73.5, "mIoU": 35.34, "mAcc": 47.07, "data_time": 0.001643021583557129, "time": 1.1719212369918823}