{"aAcc": 80.53, "mIoU": 43.05, "mAcc": 53.91, "data_time": 0.0015828723907470703, "time": 0.07782245874404907}