{"aAcc": 90.91, "mIoU": 63.41, "mAcc": 76.4, "data_time": 0.0019745849756802915, "time": 0.40980674843692716}