{"aAcc": 3.04, "mIoU": 0.82, "mAcc": 2.6, "data_time": 0.03268613588809967, "time": 6.572790519237518}