{"aAcc": 82.0, "mIoU": 46.56, "mAcc": 59.21, "data_time": 0.0015728367567062378, "time": 0.08296758770942687}