{"aAcc": 2.12, "mIoU": 0.53, "mAcc": 1.77, "data_time": 0.014069577813148498, "time": 6.993144464731216}