{"aAcc": 79.9, "mIoU": 41.93, "mAcc": 52.02, "data_time": 0.0018538511991500854, "time": 6.887386218190193}