{"aAcc": 93.13, "mIoU": 74.04, "mAcc": 82.89, "data_time": 0.006174761772155762, "time": 0.35804702043533326}