{"aAcc": 70.21, "mIoU": 26.52, "mAcc": 34.57, "data_time": 0.004010957241058349, "time": 0.2412327256202698}