{"aAcc": 66.17, "mIoU": 25.09, "mAcc": 36.36, "data_time": 0.017272369503974913, "time": 1.6498612579107284}