{"aAcc": 93.58, "mIoU": 68.53, "mAcc": 80.31, "data_time": 0.005765438556671143, "time": 1.863091401576996}