{"aAcc": 92.92, "mIoU": 69.36, "mAcc": 77.16, "data_time": 0.0020331355766891363, "time": 0.4043904945223475}