{"aAcc": 0.47, "mIoU": 0.04, "mAcc": 0.14, "data_time": 0.11838819885253907, "time": 7.442006248950959}