{"aAcc": 76.56, "mIoU": 40.41, "mAcc": 53.31, "data_time": 0.014377882361412048, "time": 5.332590639710427}