{"aAcc": 81.07, "mIoU": 44.43, "mAcc": 57.58, "data_time": 0.001594377875328064, "time": 0.13242003667354585}