{"aAcc": 96.29, "mIoU": 80.46, "mAcc": 88.35, "data_time": 0.004551285743713379, "time": 0.9342267003059387}