{"aAcc": 90.98, "mIoU": 58.68, "mAcc": 69.95, "data_time": 0.10732683563232422, "time": 13.704580634593963}