{"aAcc": 75.26, "mIoU": 35.19, "mAcc": 44.11, "data_time": 0.0023464155197143555, "time": 0.4364907212257385}