{"aAcc": 86.66, "mIoU": 57.27, "mAcc": 65.73, "data_time": 0.004620592594146728, "time": 0.4994747443199158}