{"aAcc": 84.49, "mIoU": 42.37, "mAcc": 59.31, "data_time": 0.0024766434958427013, "time": 1.1296007980388802}