{"aAcc": 85.69, "mIoU": 49.28, "mAcc": 66.07, "data_time": 0.005622059345245361, "time": 6.180197190284729}