{"aAcc": 81.03, "mIoU": 44.96, "mAcc": 55.57, "data_time": 0.0016164590120315552, "time": 0.20172482800483704}