{"aAcc": 84.79, "mIoU": 44.27, "mAcc": 58.52, "data_time": 0.004929692268371582, "time": 6.071203281879425}