{"aAcc": 77.13, "mIoU": 40.09, "mAcc": 52.63, "data_time": 0.016893231749534606, "time": 4.684134465813637}