{"aAcc": 14.71, "mIoU": 1.81, "mAcc": 10.15, "data_time": 0.01335640657844833, "time": 6.493484269511379}