{"aAcc": 72.02, "mIoU": 32.4, "mAcc": 43.47, "data_time": 0.03092403244972229, "time": 6.572207258105278}