{"aAcc": 65.41, "mIoU": 20.78, "mAcc": 25.88, "data_time": 0.002010313034057617, "time": 0.33113323283195495}