{"aAcc": 69.92, "mIoU": 29.87, "mAcc": 38.84, "data_time": 0.0022537925243377686, "time": 1.6591975456476211}