{"aAcc": 70.55, "mIoU": 25.51, "mAcc": 38.5, "data_time": 0.005763294696807861, "time": 4.350686409473419}