{"aAcc": 95.87, "mIoU": 77.96, "mAcc": 86.08, "data_time": 0.005306200504302978, "time": 0.5550197482109069}