{"aAcc": 91.54, "mIoU": 62.73, "mAcc": 71.9, "data_time": 0.005093390941619873, "time": 0.4928937087059021}