{"aAcc": 38.69, "mIoU": 27.0, "mAcc": 34.45, "data_time": 0.0045372252464294435, "time": 0.33350114727020264}