{"aAcc": 91.19, "mIoU": 63.12, "mAcc": 70.81, "data_time": 0.004644843578338623, "time": 0.5452663159370422}