{"aAcc": 91.73, "mIoU": 67.51, "mAcc": 78.48, "data_time": 0.001641995500415831, "time": 1.3195426266632713}