{"aAcc": 84.49, "mIoU": 43.11, "mAcc": 55.61, "data_time": 0.006006862163543701, "time": 6.285271274089813}