{"aAcc": 95.12, "mIoU": 78.49, "mAcc": 87.81, "data_time": 0.0020391531365751975, "time": 0.16208964170794227}