{"aAcc": 93.62, "mIoU": 71.06, "mAcc": 79.26, "data_time": 0.004964075088500977, "time": 0.37652306270599367}