{"aAcc": 83.57, "mIoU": 51.82, "mAcc": 64.29, "data_time": 0.0016279492378234862, "time": 0.3620752913951874}