{"aAcc": 93.23, "mIoU": 62.56, "mAcc": 72.78, "data_time": 0.007178552627563476, "time": 0.4970312261581421}