{"aAcc": 0.03, "mIoU": 0.03, "mAcc": 0.12, "data_time": 0.015172074958322129, "time": 6.829121314549627}