{"aAcc": 64.99, "mIoU": 34.23, "mAcc": 51.25, "data_time": 0.11347998313184054, "time": 3.5370009530265376}