{"aAcc": 93.59, "mIoU": 68.37, "mAcc": 76.18, "data_time": 0.005439094543457031, "time": 0.7665821695327759}