{"aAcc": 96.0, "mIoU": 77.85, "mAcc": 87.36, "data_time": 0.005432833671569824, "time": 0.4985023798942566}