{"aAcc": 96.92, "mIoU": 82.92, "mAcc": 88.92, "data_time": 0.007417753219604493, "time": 0.880449658870697}