{"aAcc": 95.08, "mIoU": 78.44, "mAcc": 87.43, "data_time": 0.0018355370884191751, "time": 0.25340584642398434}