{"aAcc": 96.0, "mIoU": 79.72, "mAcc": 87.79, "data_time": 0.02738288688659668, "time": 1.311294991016388}