{"aAcc": 94.88, "mIoU": 70.31, "mAcc": 78.34, "data_time": 0.005161503791809082, "time": 39.78254951715469}