{"aAcc": 33.51, "mIoU": 2.21, "mAcc": 4.98, "data_time": 0.008230854988098144, "time": 0.45898109197616577}