{"aAcc": 76.82, "mIoU": 34.33, "mAcc": 42.15, "data_time": 0.005354639530181885, "time": 0.33187661838531496}