{"aAcc": 77.91, "mIoU": 39.39, "mAcc": 48.15, "data_time": 0.0016675262451171875, "time": 0.14644064950942992}