{"aAcc": 94.38, "mIoU": 74.87, "mAcc": 82.79, "data_time": 0.0016636624675195246, "time": 0.41284584719366335}