{"aAcc": 84.56, "mIoU": 53.49, "mAcc": 63.71, "data_time": 0.0016229238510131836, "time": 0.5359937989711762}