{"aAcc": 0.03, "mIoU": 0.0, "mAcc": 0.01, "data_time": 0.01655648648738861, "time": 7.070763400435448}