{"aAcc": 93.29, "mIoU": 67.06, "mAcc": 79.07, "data_time": 0.005379620552062988, "time": 0.4224842400550842}