{"aAcc": 84.43, "mIoU": 43.44, "mAcc": 55.83, "data_time": 0.0016533352738005939, "time": 1.1190762093677613}