{"aAcc": 95.65, "mIoU": 76.17, "mAcc": 84.24, "data_time": 0.0051664385795593265, "time": 0.6908687028884888}