{"aAcc": 76.97, "mIoU": 35.45, "mAcc": 43.22, "data_time": 0.004608729839324951, "time": 1.8807260603904725}