{"aAcc": 90.29, "mIoU": 58.87, "mAcc": 67.92, "data_time": 0.0016079287927178699, "time": 0.38588709614044886}