{"aAcc": 87.11, "mIoU": 49.74, "mAcc": 59.86, "data_time": 0.005069585800170898, "time": 0.42658866119384764}