{"aAcc": 96.58, "mIoU": 82.23, "mAcc": 87.96, "data_time": 0.004873592853546143, "time": 0.5777146925926209}