{"aAcc": 95.21, "mIoU": 78.09, "mAcc": 85.56, "data_time": 0.002222655146923289, "time": 0.5648749855323196}