{"aAcc": 83.55, "mIoU": 47.86, "mAcc": 67.01, "data_time": 0.015913937320538106, "time": 8.484463550206955}