{"aAcc": 93.23, "mIoU": 62.56, "mAcc": 72.78, "data_time": 0.005087536334991455, "time": 0.5037001938819885}