{"aAcc": 94.95, "mIoU": 74.41, "mAcc": 83.37, "data_time": 0.004807609081268311, "time": 0.4417495021820068}