{"aAcc": 85.73, "mIoU": 56.93, "mAcc": 68.98, "data_time": 0.0015666505098342895, "time": 0.43034035980701446}