{"aAcc": 68.68, "mIoU": 30.04, "mAcc": 41.73, "data_time": 0.03984622037410736, "time": 6.419569021344185}