{"aAcc": 42.21, "mIoU": 6.85, "mAcc": 9.85, "data_time": 0.002933571696281433, "time": 4.253152376770974}