{"aAcc": 7.87, "mIoU": 0.14, "mAcc": 0.99, "data_time": 0.0025619986057281493, "time": 1.2469175859689712}