{"aAcc": 91.55, "mIoU": 67.46, "mAcc": 78.91, "data_time": 0.0017811611983757994, "time": 1.3393823486759877}