{"aAcc": 72.51, "mIoU": 33.21, "mAcc": 43.94, "data_time": 0.0025768673419952395, "time": 1.3101514313220979}