{"aAcc": 5.32, "mIoU": 1.04, "mAcc": 4.47, "data_time": 0.017930618230847344, "time": 6.541686987202278}