{"aAcc": 77.62, "mIoU": 40.93, "mAcc": 53.2, "data_time": 0.019441044688224794, "time": 5.569078806400299}