{"aAcc": 96.23, "mIoU": 82.61, "mAcc": 91.52, "data_time": 0.014775084823966438, "time": 0.48224331495102063}