{"aAcc": 94.27, "mIoU": 66.27, "mAcc": 74.71, "data_time": 0.0053321213722229005, "time": 0.1694455027580261}