{"aAcc": 96.37, "mIoU": 80.03, "mAcc": 88.97, "data_time": 0.10519394207000732, "time": 0.4964074935913086}