{"aAcc": 84.59, "mIoU": 54.28, "mAcc": 65.18, "data_time": 0.0016051825284957885, "time": 0.4343984844684601}