{"aAcc": 91.15, "mIoU": 54.23, "mAcc": 64.26, "data_time": 0.005153950214385986, "time": 0.459174663066864}