{"aAcc": 78.5, "mIoU": 41.22, "mAcc": 63.41, "data_time": 0.03355893881424614, "time": 4.276557420351491}