{"aAcc": 74.31, "mIoU": 25.01, "mAcc": 30.99, "data_time": 0.005009579658508301, "time": 0.374909227848053}