{"aAcc": 80.87, "mIoU": 43.88, "mAcc": 53.44, "data_time": 0.0017129206657409668, "time": 0.19556352722644807}