{"aAcc": 96.78, "mIoU": 82.74, "mAcc": 88.62, "data_time": 0.12831663131713866, "time": 1.6418171782493591}