{"aAcc": 81.42, "mIoU": 45.45, "mAcc": 55.39, "data_time": 0.0017076835632324218, "time": 0.20197082185745238}