{"aAcc": 85.89, "mIoU": 51.28, "mAcc": 64.38, "data_time": 0.004634269714355469, "time": 5.9298186836242675}