{"aAcc": 73.59, "mIoU": 36.03, "mAcc": 48.4, "data_time": 0.0024080567359924315, "time": 1.1295038537979125}