{"aAcc": 81.31, "mIoU": 45.41, "mAcc": 57.83, "data_time": 0.0015989667177200317, "time": 0.14141622519493102}