{"aAcc": 87.8, "mIoU": 55.62, "mAcc": 67.71, "data_time": 0.004632650375366211, "time": 0.19243690061569213}