{"aAcc": 95.73, "mIoU": 81.52, "mAcc": 90.97, "data_time": 0.0024737452868349064, "time": 0.1796024182979776}