{"aAcc": 89.07, "mIoU": 63.74, "mAcc": 73.03, "data_time": 0.0046481542587280275, "time": 0.5020437254905701}