{"aAcc": 83.4, "mIoU": 51.49, "mAcc": 64.55, "data_time": 0.0029581841230392454, "time": 0.40257781457901}