{"aAcc": 94.28, "mIoU": 71.08, "mAcc": 79.0, "data_time": 0.0047012815475463866, "time": 0.32797472620010376}