{"aAcc": 0.83, "mIoU": 0.23, "mAcc": 0.51, "data_time": 0.173527400970459, "time": 25.963281072616578}