{"aAcc": 74.02, "mIoU": 36.14, "mAcc": 48.01, "data_time": 0.0023671997785568236, "time": 2.025666233420372}