{"aAcc": 84.42, "mIoU": 57.95, "mAcc": 72.78, "data_time": 0.11360208800273576, "time": 0.3285929181892884}