{"aAcc": 18.42, "mIoU": 1.51, "mAcc": 3.15, "data_time": 0.0029762282371520996, "time": 2.181689010977745}