{"aAcc": 85.82, "mIoU": 57.22, "mAcc": 69.47, "data_time": 0.0016215027570724487, "time": 0.5662207994461059}