{"aAcc": 7.88, "mIoU": 0.14, "mAcc": 0.99, "data_time": 0.0023150140047073363, "time": 1.2581570624113083}