{"aAcc": 97.0, "mIoU": 83.58, "mAcc": 89.67, "data_time": 0.0075648040771484374, "time": 1.686033046245575}