{"aAcc": 77.49, "mIoU": 25.48, "mAcc": 35.86, "data_time": 0.0090884370803833, "time": 4.646857182502747}