{"aAcc": 87.07, "mIoU": 48.13, "mAcc": 60.32, "data_time": 0.005131616592407227, "time": 1.8370330696105956}