{"aAcc": 81.9, "mIoU": 46.73, "mAcc": 59.85, "data_time": 0.0017923804521560668, "time": 0.8031326357126236}