{"aAcc": 91.91, "mIoU": 68.16, "mAcc": 79.0, "data_time": 0.00169225081318078, "time": 1.3489442704215882}