{"aAcc": 88.83, "mIoU": 50.79, "mAcc": 59.64, "data_time": 0.0051044244766235355, "time": 1.110118796825409}