{"aAcc": 0.02, "mIoU": 0.02, "mAcc": 0.17, "data_time": 0.038728980544190966, "time": 9.446989101570503}