{"aAcc": 34.54, "mIoU": 10.48, "mAcc": 17.79, "data_time": 0.021744281768798827, "time": 0.9604586019515992}