{"aAcc": 79.15, "mIoU": 40.0, "mAcc": 49.39, "data_time": 0.002256462335586548, "time": 6.579354117751121}