{"aAcc": 95.58, "mIoU": 80.87, "mAcc": 89.74, "data_time": 0.0016937494442494183, "time": 0.09963156142014319}