{"aAcc": 0.94, "mIoU": 0.08, "mAcc": 0.19, "data_time": 0.016443593621253968, "time": 4.6583720154762265}