{"aAcc": 82.32, "mIoU": 56.82, "mAcc": 66.75, "data_time": 0.004890496253967285, "time": 0.38584554147720335}