{"aAcc": 71.09, "mIoU": 26.88, "mAcc": 33.87, "data_time": 0.0016894253492355346, "time": 0.3788475376367569}