{"aAcc": 91.73, "mIoU": 55.7, "mAcc": 65.14, "data_time": 0.0055592751502990725, "time": 0.398039897441864}