{"aAcc": 92.63, "mIoU": 60.59, "mAcc": 69.92, "data_time": 0.007996331691741944, "time": 38.39781677055359}