{"aAcc": 81.92, "mIoU": 45.43, "mAcc": 65.49, "data_time": 0.03400840193259461, "time": 8.664380016451954}