{"aAcc": 40.53, "mIoU": 2.78, "mAcc": 5.99, "data_time": 0.004522911071777344, "time": 0.2934905133247375}