{"aAcc": 71.33, "mIoU": 29.27, "mAcc": 38.17, "data_time": 0.0019134440422058105, "time": 0.21810374784469605}