{"aAcc": 96.56, "mIoU": 83.9, "mAcc": 91.87, "data_time": 0.0018815112327854743, "time": 0.2555632049910688}