{"aAcc": 3.66, "mIoU": 0.9, "mAcc": 2.9, "data_time": 0.01571909816944657, "time": 4.553733515031919}