{"aAcc": 95.64, "mIoU": 75.37, "mAcc": 82.93, "data_time": 0.00482162094116211, "time": 0.27760241174697875}