{"aAcc": 70.48, "mIoU": 31.85, "mAcc": 43.87, "data_time": 0.017043214797973633, "time": 2.4925795384645464}