{"aAcc": 44.41, "mIoU": 6.33, "mAcc": 11.5, "data_time": 0.027651696636234176, "time": 5.806964581221692}