{"aAcc": 0.78, "mIoU": 0.21, "mAcc": 1.07, "data_time": 0.01515293800830841, "time": 7.446648787140846}