{"aAcc": 93.38, "mIoU": 70.31, "mAcc": 77.93, "data_time": 0.003136156015020967, "time": 6.8089634936130645}