{"aAcc": 82.87, "mIoU": 36.11, "mAcc": 46.87, "data_time": 0.004703050613403321, "time": 4.408041240692139}