{"aAcc": 95.63, "mIoU": 80.78, "mAcc": 88.72, "data_time": 0.0019166105940392956, "time": 0.12680535467844162}