{"aAcc": 94.87, "mIoU": 78.35, "mAcc": 89.61, "data_time": 0.001853869650757173, "time": 0.16622345837500277}