{"aAcc": 95.58, "mIoU": 76.51, "mAcc": 85.15, "data_time": 0.005356994152069092, "time": 0.4672234945297241}