{"aAcc": 86.31, "mIoU": 52.54, "mAcc": 65.75, "data_time": 0.005040757656097412, "time": 6.141055872440338}