{"aAcc": 96.08, "mIoU": 78.23, "mAcc": 85.79, "data_time": 0.02943325662612915, "time": 1.7338538155555725}