{"aAcc": 92.19, "mIoU": 70.21, "mAcc": 83.33, "data_time": 0.0019936354263969088, "time": 1.1609633576055491}