{"aAcc": 86.4, "mIoU": 44.96, "mAcc": 57.9, "data_time": 0.01581967526916967, "time": 0.6486783504815165}