{"aAcc": 73.77, "mIoU": 33.74, "mAcc": 44.77, "data_time": 0.034470821142196656, "time": 1.6237951526641845}