{"aAcc": 96.4, "mIoU": 80.69, "mAcc": 87.3, "data_time": 0.005847058773040772, "time": 0.5299562277793884}