{"aAcc": 0.06, "mIoU": 0.03, "mAcc": 0.56, "data_time": 0.12876421689987183, "time": 7.054927279472351}