{"aAcc": 96.29, "mIoU": 80.63, "mAcc": 87.42, "data_time": 0.006151222229003907, "time": 1.279583773612976}