{"aAcc": 96.93, "mIoU": 82.43, "mAcc": 88.15, "data_time": 0.004480647087097168, "time": 0.9886272249221801}