{"aAcc": 94.35, "mIoU": 75.12, "mAcc": 83.65, "data_time": 0.0016002164699851931, "time": 0.3593780553447863}