{"aAcc": 53.84, "mIoU": 10.74, "mAcc": 15.86, "data_time": 0.00207618510723114, "time": 1.05745565700531}