{"aAcc": 70.03, "mIoU": 25.65, "mAcc": 31.65, "data_time": 0.0016840898990631104, "time": 0.4449889314174652}