{"aAcc": 78.57, "mIoU": 28.47, "mAcc": 34.78, "data_time": 0.005072028160095215, "time": 0.47296719312667845}