{"aAcc": 12.63, "mIoU": 0.29, "mAcc": 1.42, "data_time": 0.0030653876066207885, "time": 1.5466456688642503}