{"aAcc": 82.28, "mIoU": 49.2, "mAcc": 62.41, "data_time": 0.0032529579401016236, "time": 0.2532077051401138}