{"aAcc": 63.04, "mIoU": 22.71, "mAcc": 29.02, "data_time": 0.004486281871795655, "time": 1.0011425895690917}