{"aAcc": 88.41, "mIoU": 53.49, "mAcc": 67.43, "data_time": 0.10280599689483642, "time": 10.56054798936844}