{"aAcc": 92.16, "mIoU": 66.07, "mAcc": 73.93, "data_time": 0.0016943174366131578, "time": 0.4166797016965183}