{"aAcc": 87.98, "mIoU": 47.18, "mAcc": 56.37, "data_time": 0.005216323375701905, "time": 0.5104772615432739}