{"aAcc": 94.62, "mIoU": 71.19, "mAcc": 78.07, "data_time": 0.019584931373596192, "time": 0.6245063991546631}