{"aAcc": 14.11, "mIoU": 3.38, "mAcc": 11.64, "data_time": 0.049053653838142516, "time": 11.379794125560236}