{"aAcc": 67.41, "mIoU": 26.22, "mAcc": 36.19, "data_time": 0.0017239704132080078, "time": 0.7231479176282882}