{"aAcc": 95.92, "mIoU": 78.03, "mAcc": 86.81, "data_time": 0.004805779933929443, "time": 0.5775886392593383}