{"aAcc": 77.57, "mIoU": 39.23, "mAcc": 49.25, "data_time": 0.0020353097915649415, "time": 0.21876027619838714}