{"aAcc": 92.93, "mIoU": 61.87, "mAcc": 74.09, "data_time": 0.006665760993957519, "time": 0.6421614122390747}