{"aAcc": 71.54, "mIoU": 29.45, "mAcc": 40.8, "data_time": 0.01642828857898712, "time": 1.7245186791419982}