{"aAcc": 81.13, "mIoU": 45.06, "mAcc": 56.59, "data_time": 0.001706776738166809, "time": 0.8476458295583725}