{"aAcc": 77.36, "mIoU": 44.79, "mAcc": 58.87, "data_time": 0.0019428154230117798, "time": 1.286147918343544}