{"aAcc": 95.86, "mIoU": 77.88, "mAcc": 84.71, "data_time": 0.02992022895812988, "time": 0.9118883714675904}