{"aAcc": 2.23, "mIoU": 0.32, "mAcc": 1.21, "data_time": 0.03103846546038831, "time": 3.1336566472234524}