{"aAcc": 91.31, "mIoU": 66.2, "mAcc": 77.99, "data_time": 0.0016340738826986015, "time": 1.307156337056183}