{"aAcc": 91.73, "mIoU": 67.38, "mAcc": 79.19, "data_time": 0.0018929303144898555, "time": 0.1588089206121641}