{"aAcc": 94.08, "mIoU": 73.87, "mAcc": 81.65, "data_time": 0.0016835500981743539, "time": 0.3420271272902821}