{"aAcc": 95.94, "mIoU": 77.49, "mAcc": 83.76, "data_time": 0.004714283943176269, "time": 0.3549607620239258}