{"aAcc": 37.66, "mIoU": 1.98, "mAcc": 5.26, "data_time": 0.0066087026596069335, "time": 5.094897824287415}