{"aAcc": 82.42, "mIoU": 33.75, "mAcc": 46.62, "data_time": 0.002087896655064932, "time": 1.0696368041410373}