{"aAcc": 88.86, "mIoU": 65.69, "mAcc": 78.61, "data_time": 0.005490442276000976, "time": 0.46106493759155276}