{"aAcc": 81.46, "mIoU": 46.54, "mAcc": 58.47, "data_time": 0.0018438793420791626, "time": 0.9009983648061752}