{"aAcc": 95.1, "mIoU": 78.06, "mAcc": 87.6, "data_time": 0.0018380176946983574, "time": 0.14598839426139373}