{"aAcc": 95.83, "mIoU": 81.42, "mAcc": 89.39, "data_time": 0.0017796865901591615, "time": 0.11636989539536713}