{"aAcc": 95.17, "mIoU": 78.43, "mAcc": 86.34, "data_time": 0.0017035851567428304, "time": 0.4054998933569656}