{"aAcc": 72.95, "mIoU": 30.76, "mAcc": 41.89, "data_time": 0.016487233757972716, "time": 1.2224386267662048}