{"aAcc": 67.04, "mIoU": 29.87, "mAcc": 36.78, "data_time": 0.0025063804388046266, "time": 2.210096522927284}