{"aAcc": 84.01, "mIoU": 52.62, "mAcc": 65.8, "data_time": 0.013454675197601318, "time": 0.3997835085391998}