{"aAcc": 95.57, "mIoU": 75.82, "mAcc": 82.27, "data_time": 0.012137299060821533, "time": 38.67980164670944}