{"aAcc": 93.77, "mIoU": 68.76, "mAcc": 78.73, "data_time": 0.00504460859298706, "time": 0.5009770493507385}